i,j,force_x,force_y,force_z,original_center_x_px,original_center_y_px,displaced_center_x_px,displaced_center_y_px,center_dx_px,center_dy_px,rotation_angle_deg,p1_original_x_px,p1_original_y_px,p1_displaced_x_px,p1_displaced_y_px,p1_dx_px,p1_dy_px,p2_original_x_px,p2_original_y_px,p2_displaced_x_px,p2_displaced_y_px,p2_dx_px,p2_dy_px,p3_original_x_px,p3_original_y_px,p3_displaced_x_px,p3_displaced_y_px,p3_dx_px,p3_dy_px
0.000000000000000000e+00,0.000000000000000000e+00,-2.044090173826399769e-13,-1.379234213377758415e-13,-6.477580545953650250e-11,2.537665569066728608e+02,1.703233238166538968e+02,2.537665569066728608e+02,1.703233238166538968e+02,0.000000000000000000e+00,0.000000000000000000e+00,1.800000000000000000e+02,2.537665569066728608e+02,2.173449714499616618e+02,2.537665569066728608e+02,1.917605593386070950e+02,0.000000000000000000e+00,-2.558441211135456683e+01,2.944884982849177959e+02,1.468125000000000000e+02,2.352013663577512261e+02,1.596047060556772976e+02,-5.928713192716656977e+01,1.279220605567729763e+01,2.130446155284278973e+02,1.468125000000000000e+02,2.723317474555944955e+02,1.596047060556772976e+02,5.928713192716659819e+01,1.279220605567729763e+01
0.000000000000000000e+00,1.000000000000000000e+00,-7.499890971733201896e-10,-5.059920831460198374e-10,-5.842076591690899511e-08,2.537665569066728608e+02,2.643666190832694269e+02,2.537665569066728608e+02,2.643666190832694269e+02,0.000000000000000000e+00,0.000000000000000000e+00,1.800000000000000000e+02,2.537665569066728608e+02,2.173449714499616618e+02,2.537665569066728608e+02,2.858038546052226252e+02,0.000000000000000000e+00,6.845888315526096335e+01,2.944884982849177959e+02,2.878774428999233237e+02,2.352013663577512261e+02,2.536480013222928278e+02,-5.928713192716656977e+01,-3.422944157763049589e+01,2.130446155284278973e+02,2.878774428999233237e+02,2.723317474555944955e+02,2.536480013222928278e+02,5.928713192716659819e+01,-3.422944157763049589e+01
0.000000000000000000e+00,2.000000000000000000e+00,-2.452207964629130849e-08,-1.654028130014105734e-08,-1.073550755481629247e-06,2.537665569066728608e+02,3.113882667165772204e+02,2.537665569066728608e+02,3.113882667165772204e+02,0.000000000000000000e+00,0.000000000000000000e+00,0.000000000000000000e+00,2.537665569066728608e+02,3.584099143498850140e+02,2.537665569066728608e+02,3.328255022385304756e+02,0.000000000000000000e+00,-2.558441211135453841e+01,2.944884982849177959e+02,2.878774428999233237e+02,2.352013663577512261e+02,3.006696489556006213e+02,-5.928713192716656977e+01,1.279220605567729763e+01,2.130446155284278973e+02,2.878774428999233237e+02,2.723317474555944955e+02,3.006696489556006213e+02,5.928713192716659819e+01,1.279220605567729763e+01
0.000000000000000000e+00,3.000000000000000000e+00,-7.767036663128672812e-06,-5.228166314381530499e-06,-1.396026194360779342e-04,2.537665569066728608e+02,4.054315619831927506e+02,2.537665569066728608e+02,4.054315619831927506e+02,0.000000000000000000e+00,0.000000000000000000e+00,1.800000000000000000e+02,2.537665569066728608e+02,3.584099143498850140e+02,2.537665569066728608e+02,4.268687975051459489e+02,0.000000000000000000e+00,6.845888315526093493e+01,2.944884982849177959e+02,4.289423857998466474e+02,2.352013663577512261e+02,3.947129442222161515e+02,-5.928713192716656977e+01,-3.422944157763049589e+01,2.130446155284278973e+02,4.289423857998466474e+02,2.723317474555944955e+02,3.947129442222161515e+02,5.928713192716659819e+01,-3.422944157763049589e+01
0.000000000000000000e+00,4.000000000000000000e+00,-7.660718536005817431e-05,-5.140936209114184169e-05,-9.998685419729581598e-04,2.537665569066728608e+02,4.524532096165004873e+02,2.537665569066728608e+02,4.524532096165004873e+02,0.000000000000000000e+00,0.000000000000000000e+00,-2.153996245958523371e-15,2.537665569066728608e+02,4.994748572498082808e+02,2.537665569066728608e+02,4.738904451384537424e+02,0.000000000000000000e+00,-2.558441211135453841e+01,2.944884982849177959e+02,4.289423857998466474e+02,2.352013663577512261e+02,4.417345918555238882e+02,-5.928713192716656977e+01,1.279220605567724078e+01,2.130446155284278973e+02,4.289423857998466474e+02,2.723317474555944955e+02,4.417345918555238882e+02,5.928713192716659819e+01,1.279220605567724078e+01
0.000000000000000000e+00,5.000000000000000000e+00,-2.487858764709634501e-03,-1.645936001580468365e-03,-2.056820267363620308e-02,2.537665569066728608e+02,5.464965048831161312e+02,2.537766774152404707e+02,5.464935623538049185e+02,1.012050856760993156e-02,-2.942529311212638277e-03,-1.799195133170442489e+02,2.537665569066728608e+02,4.994748572498082808e+02,2.537465620862288915e+02,5.679307764156210396e+02,-1.999482044396927449e-02,6.845591916581275882e+01,2.944884982849177959e+02,5.700073286997699142e+02,2.352265670426292274e+02,5.357488768004465101e+02,-5.926193124228856846e+01,-3.425845189932340418e+01,2.130446155284278973e+02,5.700073286997699142e+02,2.723569031168632932e+02,5.358010338453475470e+02,5.931228758843539595e+01,-3.420629485442236728e+01
0.000000000000000000e+00,6.000000000000000000e+00,-8.431487952231260519e-03,-5.517859105352767267e-03,-5.885122381450855200e-02,2.537665569066728608e+02,5.935181525164239247e+02,2.537947980024112837e+02,5.935105461443749846e+02,2.824109573842292775e-02,-7.606372048940102104e-03,2.902822356651035207e+01,2.537665569066728608e+02,6.405398001497317182e+02,2.537063561976941628e+02,6.149475968461347293e+02,-6.020070897869800319e-02,-2.559220330359698892e+01,2.944884982849177959e+02,5.700073286997700279e+02,2.352740175825099413e+02,5.827154441305497130e+02,-5.921448070240785455e+01,1.270811543077968508e+01,2.130446155284278973e+02,5.700073286997700279e+02,2.724040202270297186e+02,5.828685974564406251e+02,5.935940469860182134e+01,1.286126875667059721e+01
0.000000000000000000e+00,7.000000000000000000e+00,-3.277966700799066213e-02,-2.101644385447236710e-02,-1.856825190945424753e-01,2.537665569066728608e+02,6.875614477830395117e+02,2.539393392542495747e+02,6.875459030361238320e+02,1.727823475767138461e-01,-1.554474691567975242e-02,-1.793084906703325316e+02,2.537665569066728608e+02,6.405398001497317182e+02,2.536801616135240636e+02,7.089813866469752384e+02,-8.639529314879723643e-02,6.844158649724352017e+01,2.944884982849177959e+02,7.110722715996932948e+02,2.355060650423781681e+02,6.766045094711746515e+02,-5.898243324253962783e+01,-3.446776212851864329e+01,2.130446155284278973e+02,7.110722715996932948e+02,2.726317911068464923e+02,6.770518129902217197e+02,5.958717557841859502e+01,-3.402045860947157507e+01
0.000000000000000000e+00,8.000000000000000000e+00,-3.552994357446512264e-02,-2.261927744262717116e-02,-2.014985484579357167e-01,2.537665569066728608e+02,7.345830954163471915e+02,2.539406454144872782e+02,7.345672272823345565e+02,1.740885078144174258e-01,-1.586813401263498235e-02,4.427913546022496405e+01,2.537665569066728608e+02,7.816047430496549850e+02,2.536635641333485580e+02,7.560024883859884994e+02,-1.029927733243027888e-01,-2.560225466366648561e+01,2.944884982849177959e+02,7.110722715996934085e+02,2.355165332810510677e+02,7.236104446065655793e+02,-5.897196500386672824e+01,1.253817300687217084e+01,2.130446155284278973e+02,7.110722715996934085e+02,2.726418388290622374e+02,7.240887488544497046e+02,5.959722330063434015e+01,1.301647725475629613e+01
0.000000000000000000e+00,9.000000000000000000e+00,-1.112415633034984433e-02,-7.024615603177776502e-03,-8.561068467808871651e-02,2.537665569066728608e+02,8.286263906829626649e+02,2.538405664905169772e+02,8.286178166464350170e+02,7.400958384411637780e-02,-8.574036527647876937e-03,-1.796755296657413794e+02,2.537665569066728608e+02,7.816047430496548714e+02,2.537190802699205960e+02,8.500546727050384561e+02,-4.747663675226476698e-02,6.844992965538358476e+01,2.944884982849177959e+02,8.521372144996165616e+02,2.353365997820564530e+02,8.177943289486372578e+02,-5.915189850286134288e+01,-3.434288555097930384e+01,2.130446155284278973e+02,8.521372144996165616e+02,2.724660194195739109e+02,8.180044482856294508e+02,5.942140389114601362e+01,-3.413276621398711086e+01
1.000000000000000000e+00,0.000000000000000000e+00,-1.047055765438853164e-11,-7.064892764869223170e-12,-1.658390601862991565e-09,2.944884982849177959e+02,1.938341476333077651e+02,2.945137321797654977e+02,1.938314157513287341e+02,2.523389484770177660e-02,-2.731881979030958973e-03,-1.799929300313471003e+02,2.944884982849177959e+02,1.468125000000000000e+02,2.945110761241537602e+02,2.152686462823936324e+02,2.257783923596434761e-02,6.845614628239363242e+01,3.352104396631627878e+02,2.173449714499616618e+02,2.759498908254495859e+02,1.831105190257293884e+02,-5.926054883771320192e+01,-3.423445242423227342e+01,2.537665569066728608e+02,2.173449714499616618e+02,3.130802295896932037e+02,1.831150819458632384e+02,5.931367268302034290e+01,-3.422988950409842346e+01
1.000000000000000000e+00,1.000000000000000000e+00,-6.340738305742992613e-10,-4.278179708287836693e-10,-4.950295313749756615e-08,2.944884982849177959e+02,2.408557952666155302e+02,2.945137687514570644e+02,2.408530934533649486e+02,2.527046653926845465e-02,-2.701813250581608372e-03,4.806660173453533957e+01,2.944884982849177959e+02,2.878774428999233237e+02,2.945111127537370521e+02,2.622903239844358723e+02,2.261446881925621710e-02,-2.558711891548745143e+01,3.352104396631627878e+02,2.173449714499616334e+02,2.759499273681860245e+02,2.301321967778990825e+02,-5.926051229497676331e+01,1.278722532793744904e+01,2.537665569066728608e+02,2.173449714499616334e+02,3.130802661324481733e+02,2.301367595977598626e+02,5.931370922577531246e+01,1.279178814779822915e+01
1.000000000000000000e+00,2.000000000000000000e+00,-6.772644752207308020e-07,-4.567725565724343824e-07,-1.638401698325900452e-05,2.944884982849177959e+02,3.348990905332310604e+02,2.945137687514570644e+02,3.348963887199805072e+02,2.527046653926845465e-02,-2.701813250553186663e-03,-1.799929301860770181e+02,2.944884982849177959e+02,2.878774428999233237e+02,2.945111127537370521e+02,3.563336192510513456e+02,2.261446881925621710e-02,6.845617635112802191e+01,3.352104396631627878e+02,3.584099143498849571e+02,2.759499273681860245e+02,3.241754920445146126e+02,-5.926051229497676331e+01,-3.423442230537034447e+01,2.537665569066728608e+02,3.584099143498849571e+02,3.130802661324481733e+02,3.241800548643753928e+02,5.931370922577531246e+01,-3.422985948550956437e+01
1.000000000000000000e+00,3.000000000000000000e+00,-1.200530100660434076e-05,-8.090854276736764985e-06,-1.833328717339901680e-04,2.944884982849177959e+02,3.819207381665389107e+02,2.945137687514570644e+02,3.819180363532883007e+02,2.527046653926845465e-02,-2.701813250610030082e-03,4.806660174300315447e+01,2.944884982849177959e+02,4.289423857998466474e+02,2.945111127537370521e+02,4.033552668843591960e+02,2.261446881925621710e-02,-2.558711891548745143e+01,3.352104396631627878e+02,3.584099143498850140e+02,2.759499273681860245e+02,3.711971396778224062e+02,-5.926051229497676331e+01,1.278722532793739219e+01,2.537665569066728608e+02,3.584099143498850140e+02,3.130802661324481733e+02,3.712017024976832431e+02,5.931370922577531246e+01,1.279178814779822915e+01
1.000000000000000000e+00,4.000000000000000000e+00,-1.150385745352949362e-03,-7.714067372213367999e-04,-8.926375084790534251e-03,2.944884982849177959e+02,4.759640334331544409e+02,2.945138807049200977e+02,4.759613578015608368e+02,2.538242000230184203e-02,-2.675631593604066438e-03,-1.799703720372617965e+02,2.944884982849177959e+02,4.289423857998466474e+02,2.945027844201495100e+02,4.973985855373827576e+02,1.428613523171406996e-02,6.845619973753611021e+01,3.352104396631627878e+02,4.994748572498082808e+02,2.759542620035818459e+02,4.652331532878832263e+02,-5.925617765958094196e+01,-3.424170396192505450e+01,2.537665569066728608e+02,4.994748572498082808e+02,3.130845956910289942e+02,4.652523345794164129e+02,5.931803878435613342e+01,-3.422252267039186790e+01
1.000000000000000000e+00,5.000000000000000000e+00,-6.397599212079815856e-03,-4.264820539920352246e-03,-3.919174956064352261e-02,2.944884982849177959e+02,5.229856810664621207e+02,2.945216436937511730e+02,5.229804098789497857e+02,3.314540883337713240e-02,-5.271187512335018255e-03,4.138932959823568325e+01,2.944884982849177959e+02,5.700073286997699142e+02,2.944646615576249928e+02,5.444175633782439263e+02,-2.383672729280306157e-02,-2.558976532152598793e+01,3.352104396631627878e+02,4.994748572498082808e+02,2.759850482060931540e+02,5.122125141986509789e+02,-5.922539145706963382e+01,1.273765694884269806e+01,2.537665569066728608e+02,4.994748572498082808e+02,3.131152213175354291e+02,5.123111520599543383e+02,5.934866441086256827e+01,1.283629481014605744e+01
1.000000000000000000e+00,6.000000000000000000e+00,-6.845517530123526595e-02,-4.476850299666448874e-02,-3.000228928992429989e-01,2.944884982849177959e+02,6.170289763330778214e+02,2.948294826956678207e+02,6.170076639023595817e+02,3.409844107500248356e-01,-2.131243071823973878e-02,-1.788899412256520804e+02,2.944884982849177959e+02,5.700073286997700279e+02,2.944124750381915874e+02,6.384401578578352883e+02,-7.602324672620852652e-02,6.843282915806526034e+01,3.352104396631627878e+02,6.405398001497317182e+02,2.764799826523521915e+02,6.059333142430066346e+02,-5.873045701081059633e+01,-3.460648590672508362e+01,2.537665569066728608e+02,6.405398001497317182e+02,3.135959903964597402e+02,6.066495196062367086e+02,5.982943348978687936e+01,-3.389028054349500962e+01
1.000000000000000000e+00,7.000000000000000000e+00,-1.308483362620956048e-01,-8.468460638124367112e-02,-5.187517480596384178e-01,2.944884982849177959e+02,6.640506239663855013e+02,2.951342243715268978e+02,6.640355127235758346e+02,6.457260866091019125e-01,-1.511124280966669176e-02,4.305958983284043029e+01,2.944884982849177959e+02,7.110722715996932948e+02,2.944171440004810165e+02,6.854586414083639738e+02,-7.135428443677938048e-02,-2.561363019132932095e+01,3.352104396631627878e+02,6.405398001497317182e+02,2.769505962092989080e+02,6.527130357196144814e+02,-5.825984345386387986e+01,1.217323556988276323e+01,2.537665569066728608e+02,6.405398001497317182e+02,3.140349329048008258e+02,6.539348610427491622e+02,6.026837599812796498e+01,1.339506089301744396e+01
1.000000000000000000e+00,8.000000000000000000e+00,-1.454381115416942538e-01,-9.268359720029592519e-02,-5.849444370228183976e-01,2.944884982849177959e+02,7.580939192330009746e+02,2.952037781957236007e+02,7.580792519519782218e+02,7.152799108058047750e-01,-1.466728102275283163e-02,-1.778538972729045611e+02,2.944884982849177959e+02,7.110722715996932948e+02,2.943945228086146813e+02,7.794988504057018872e+02,-9.397547630311464673e-02,6.842657880600859244e+01,3.352104396631627878e+02,7.816047430496548714e+02,2.770718823369973052e+02,7.466805080225323081e+02,-5.813855732616548266e+01,-3.492423502712256322e+01,2.537665569066728608e+02,7.816047430496548714e+02,3.141449294415588156e+02,7.480583974277005836e+02,6.037837253488595479e+01,-3.354634562195428771e+01
1.000000000000000000e+00,9.000000000000000000e+00,-8.038198463100219848e-02,-5.098824038942702253e-02,-3.761094372379916728e-01,2.944884982849177959e+02,8.051155668663088818e+02,2.948812307125093071e+02,8.050940373336084122e+02,3.927324275915111684e-01,-2.152953270046964462e-02,4.344666583054610243e+01,2.944884982849177959e+02,8.521372144996165616e+02,2.943584152848700342e+02,8.265240555202367432e+02,-1.300830000477617432e-01,-2.561315897937981845e+01,3.352104396631627878e+02,7.816047430496549850e+02,2.765878052489212564e+02,7.939301469136123615e+02,-5.862263441424153143e+01,1.232540386395737642e+01,2.537665569066728608e+02,7.816047430496549850e+02,3.136974716037366875e+02,7.948279095669760181e+02,5.993091469706382668e+01,1.322316651732103310e+01
2.000000000000000000e+00,0.000000000000000000e+00,-4.770601063125595825e-12,-3.218943509914533119e-12,-8.592870771039086956e-10,3.352104396631627878e+02,1.703233238166538968e+02,3.352350810021214897e+02,1.703160288560210347e+02,2.464133895870190827e-02,-7.294960632862057537e-03,2.785864567495931610e+01,3.352104396631627878e+02,2.173449714499616618e+02,3.352331420637418091e+02,1.917532625629503684e+02,2.270240057902128683e-02,-2.559170888701129343e+01,3.759323810414077229e+02,1.468125000000000000e+02,3.166708843253725831e+02,1.595957449000317752e+02,-5.926149671603513980e+01,1.278324490003177516e+01,2.944884982849177959e+02,1.468125000000000000e+02,3.538012166172500770e+02,1.595990791050809889e+02,5.931271833233228108e+01,1.278657910508098894e+01
2.000000000000000000e+00,1.000000000000000000e+00,-1.749208688838764976e-08,-1.180195892718876221e-08,-7.596640503108286280e-07,3.352104396631627878e+02,2.643666190832694269e+02,3.352351489465526697e+02,2.643594242379859338e+02,2.470928338988187534e-02,-7.194845283493123134e-03,-1.799948363755825653e+02,3.352104396631627878e+02,2.173449714499616618e+02,3.352332100089493565e+02,2.857966579449117717e+02,2.277034578656866870e-02,6.845168649495010982e+01,3.759323810414077229e+02,2.878774428999233237e+02,3.166709522694168868e+02,2.536391402826835417e+02,-5.926142877199083614e+01,-3.423830261723978197e+01,2.944884982849177959e+02,2.878774428999233237e+02,3.538012845612917658e+02,2.536424744863624596e+02,5.931278627637396994e+01,-3.423496841356086406e+01
2.000000000000000000e+00,2.000000000000000000e+00,-5.711404141310555686e-07,-3.852982066365842694e-07,-1.369995126577970806e-05,3.352104396631627878e+02,3.113882667165772204e+02,3.352351489465526697e+02,3.113810718712937273e+02,2.470928338988187534e-02,-7.194845283493123134e-03,2.785867257215658910e+01,3.352104396631627878e+02,3.584099143498850140e+02,3.352332100089493565e+02,3.328183055782195652e+02,2.277034578656866870e-02,-2.559160877166544878e+01,3.759323810414077229e+02,2.878774428999233237e+02,3.166709522694168868e+02,3.006607879159913637e+02,-5.926142877199083614e+01,1.278334501606803997e+01,2.944884982849177959e+02,2.878774428999233237e+02,3.538012845612917658e+02,3.006641221196702531e+02,5.931278627637396994e+01,1.278667921974692945e+01
2.000000000000000000e+00,3.000000000000000000e+00,-1.787385270475027905e-04,-1.204373750302813650e-04,-1.668402586623599559e-03,3.352104396631627878e+02,4.054315619831927506e+02,3.352351489465526697e+02,4.054243671379092575e+02,2.470928338988187534e-02,-7.194845283493123134e-03,-1.799948363755825937e+02,3.352104396631627878e+02,3.584099143498850140e+02,3.352332100089493565e+02,4.268616008448350385e+02,2.277034578656866870e-02,6.845168649495002455e+01,3.759323810414077229e+02,4.289423857998466474e+02,3.166709522694168868e+02,3.947040831826068938e+02,-5.926142877199083614e+01,-3.423830261723975354e+01,2.944884982849177959e+02,4.289423857998466474e+02,3.538012845612917658e+02,3.947074173862857833e+02,5.931278627637396994e+01,-3.423496841356086406e+01
2.000000000000000000e+00,4.000000000000000000e+00,-1.731389077348782822e-03,-1.164550093476260460e-03,-1.137391329374104823e-02,3.352104396631627878e+02,4.524532096165004873e+02,3.352369370322222721e+02,4.524503165099088164e+02,2.649736905948429921e-02,-2.893106591670857597e-03,4.766873981982848818e+01,3.352104396631627878e+02,4.994748572498082808e+02,3.352186906924625305e+02,4.738875390389769109e+02,8.251029299742640433e-03,-2.558731821083136992e+01,3.759323810414077229e+02,4.289423857998466474e+02,3.166808996119561925e+02,4.417159239873900560e+02,-5.925148142945153040e+01,1.277353818754340864e+01,2.944884982849177959e+02,4.289423857998466474e+02,3.538112207922481502e+02,4.417474865033595393e+02,5.932272250733035435e+01,1.280510070351289187e+01
2.000000000000000000e+00,5.000000000000000000e+00,-5.147562812215097927e-02,-3.430193323866952138e-02,-2.065118110435378573e-01,3.352104396631627878e+02,5.464965048831161312e+02,3.354707051224588668e+02,5.464780951014515722e+02,2.602654592960789159e-01,-1.840978166455897735e-02,-1.792317735049244902e+02,3.352104396631627878e+02,4.994748572498082808e+02,3.351822329977025561e+02,5.679129481470054088e+02,-2.820666546023176124e-02,6.843809089719712802e+01,3.759323810414077229e+02,5.700073286997699142e+02,3.170535885890844838e+02,5.355126948753091938e+02,-5.887879245232323910e+01,-3.449463382446072046e+01,2.944884982849177959e+02,5.700073286997699142e+02,3.541762937805895035e+02,5.360086422820397729e+02,5.968779549567170761e+01,-3.399868641773014133e+01
2.000000000000000000e+00,6.000000000000000000e+00,-1.623153578507044170e-01,-1.072665519328474398e-01,-5.527512636652177624e-01,3.352104396631627878e+02,5.935181525164239247e+02,3.360124281330588474e+02,5.935129073017463952e+02,8.019884698960595415e-01,-5.245214677529475011e-03,4.394876632380038473e+01,3.352104396631627878e+02,6.405398001497317182e+02,3.352477174695582676e+02,6.149331646481805365e+02,3.727780639547972896e-02,-2.560663550155118173e+01,3.759323810414077229e+02,5.700073286997700279e+02,3.178605366095688396e+02,5.821561746697466333e+02,-5.807184443183888334e+01,1.214884596997660537e+01,2.944884982849177959e+02,5.700073286997700279e+02,3.549290303200494918e+02,5.834493825873121295e+02,6.044053203513169592e+01,1.344205388754210162e+01
2.000000000000000000e+00,7.000000000000000000e+00,-5.433465033647257858e-01,-3.521151572885385939e-01,-1.549757463447174022e+00,3.352104396631627878e+02,6.875614477830395117e+02,3.379214229896443271e+02,6.880047896972311037e+02,2.710983326481539279e+00,4.433419141915919681e-01,-1.746020823364501666e+02,3.352104396631627878e+02,6.405398001497317182e+02,3.358405459320724162e+02,7.093206610947860327e+02,6.301062689096283975e-01,6.878086094505431447e+01,3.759323810414077229e+02,7.110722715996932948e+02,3.206624538759281791e+02,6.756754990768257585e+02,-5.526992716547954387e+01,-3.539677252286753628e+01,2.944884982849177959e+02,7.110722715996932948e+02,3.572612691609323861e+02,6.790182089200816336e+02,6.277277087601459016e+01,-3.205406267961166122e+01
2.000000000000000000e+00,8.000000000000000000e+00,-5.566323908235143447e-01,-3.577490364293845482e-01,-1.606056425573887836e+00,3.352104396631627878e+02,7.345830954163471915e+02,3.379565300171785793e+02,7.350447568952404254e+02,2.746090354015791490e+00,4.616614788932338342e-01,3.848895000537224576e+01,3.352104396631627878e+02,7.816047430496549850e+02,3.358107495892346606e+02,7.563548605710194579e+02,6.003099260718727237e-01,-2.524988247863552715e+01,3.759323810414077229e+02,7.110722715996934085e+02,3.207387895060156211e+02,7.226621706390403688e+02,-5.519359153539210183e+01,1.158989903934696031e+01,2.944884982849177959e+02,7.110722715996934085e+02,3.573200509562854563e+02,7.261172394756615631e+02,6.283155267136766042e+01,1.504496787596815466e+01
2.000000000000000000e+00,9.000000000000000000e+00,-1.627425106668016763e-01,-1.034706202941526043e-01,-6.390909305583731825e-01,3.352104396631627878e+02,8.286263906829626649e+02,3.360139807981619242e+02,8.286257535062651414e+02,8.035411349991363750e-01,-6.371766975235004793e-04,-1.776693113709529825e+02,3.352104396631627878e+02,7.816047430496548714e+02,3.351340107506221102e+02,8.500418787938779133e+02,-7.642891254067762929e-02,6.843713574422304191e+01,3.759323810414077229e+02,8.521372144996165616e+02,3.179235057518051235e+02,8.171706945636919954e+02,-5.800887528960259942e+01,-3.496651993592456620e+01,2.944884982849177959e+02,8.521372144996165616e+02,3.549844258920585389e+02,8.186646871612255154e+02,6.049592760714074302e+01,-3.347252733839104621e+01
3.000000000000000000e+00,0.000000000000000000e+00,-1.315818955273836445e-10,-8.878417527151257740e-11,-1.321369375435487023e-08,3.759323810414077229e+02,1.938341476333077651e+02,3.759553200083620936e+02,1.938264688637369773e+02,2.293896695437069866e-02,-7.678769570787835619e-03,1.799918055401501817e+02,3.759323810414077229e+02,1.468125000000000000e+02,3.759583807796299197e+02,2.152637031074307288e+02,2.599973822219681097e-02,6.845120310743072878e+01,4.166543224196527149e+02,2.173449714499616618e+02,3.573886212638776669e+02,1.831105114313432409e+02,-5.926570115577504794e+01,-3.423446001861842092e+01,3.352104396631627878e+02,2.173449714499616618e+02,3.945189579815786374e+02,1.831051920524369336e+02,5.930851831841584954e+01,-3.423977939752472821e+01
3.000000000000000000e+00,1.000000000000000000e+00,-7.966311716834113214e-09,-5.375121699400447982e-09,-3.915639870321367516e-07,3.759323810414077229e+02,2.408557952666155302e+02,3.759553692365501547e+02,2.408480648731115821e+02,2.298819514243177764e-02,-7.730393503948107536e-03,2.307953557274479550e+01,3.759323810414077229e+02,2.878774428999233237e+02,3.759584299850102980e+02,2.622852991168072663e+02,2.604894360257503649e-02,-2.559214378311605742e+01,4.166543224196527149e+02,2.173449714499616334e+02,3.573886705034460647e+02,2.301321074209663493e+02,-5.926565191620665018e+01,1.278713597100471588e+01,3.352104396631627878e+02,2.173449714499616334e+02,3.945190072211941015e+02,2.301267880815612443e+02,5.930856755803131364e+01,1.278181663159961090e+01
3.000000000000000000e+00,2.000000000000000000e+00,-8.486099403737848288e-06,-5.724646230212102544e-06,-1.258810051497258299e-04,3.759323810414077229e+02,3.348990905332310604e+02,3.759553846279522986e+02,3.348913559962871886e+02,2.300358654457568264e-02,-7.734536943871717085e-03,1.799918056415133947e+02,3.759323810414077229e+02,2.878774428999233237e+02,3.759584453612922630e+02,3.563285902399837823e+02,2.606431988454005477e-02,6.845114734006045865e+01,4.166543224196527149e+02,3.584099143498849571e+02,3.573886859023980946e+02,3.241753985310505186e+02,-5.926563651725462023e+01,-3.423451581883443851e+01,3.352104396631627878e+02,3.584099143498849571e+02,3.945190226201665951e+02,3.241700792178273787e+02,5.930858295700380722e+01,-3.423983513205757845e+01
3.000000000000000000e+00,3.000000000000000000e+00,-1.496953767725497193e-04,-1.009449116550105170e-04,-1.372858543680075373e-03,3.759323810414077229e+02,3.819207381665389107e+02,3.759553816636589545e+02,3.819129983705616951e+02,2.300062225123156168e-02,-7.739795977215635503e-03,2.307955498577303999e+01,3.759323810414077229e+02,4.289423857998466474e+02,3.759584423953229475e+02,4.033502326142584025e+02,2.606135391522457212e-02,-2.559215318558824492e+01,4.166543224196527149e+02,3.584099143498850140e+02,3.573886829389409741e+02,3.711970409038736989e+02,-5.926563948071174082e+01,1.278712655398868492e+01,3.352104396631627878e+02,3.584099143498850140e+02,3.945190196567129988e+02,3.711917215935529839e+02,5.930857999355021093e+01,1.278180724366796994e+01
3.000000000000000000e+00,4.000000000000000000e+00,-1.386897750583589335e-02,-9.327344706044288572e-03,-6.156529039246332047e-02,3.759323810414077229e+02,4.759640334331544409e+02,3.760092827835173921e+02,4.759553992592359464e+02,7.690174210966915780e-02,-8.634173918494525424e-03,-1.797674636991643808e+02,3.759323810414077229e+02,4.289423857998466474e+02,3.759221841219925864e+02,4.973924177870563881e+02,-1.019691941513656275e-02,6.845003198720974069e+01,4.166543224196527149e+02,4.994748572498082808e+02,3.574879914320774219e+02,4.651616264582994518e+02,-5.916633098757529297e+01,-3.431323079150882904e+01,3.352104396631627878e+02,4.994748572498082808e+02,3.946176727964821680e+02,4.653121535323519424e+02,5.940723313331938016e+01,-3.416270371745633838e+01
3.000000000000000000e+00,5.000000000000000000e+00,-7.404842062369319799e-02,-4.963241955604655309e-02,-2.553956682909692133e-01,3.759323810414077229e+02,5.229856810664621207e+02,3.762999114276797172e+02,5.229628869764283081e+02,3.675303862719943027e-01,-2.279409003381260845e-02,4.572849383187934791e+01,3.759323810414077229e+02,5.700073286997699142e+02,3.759436656997207251e+02,5.443963156152365173e+02,1.128465831300218269e-02,-2.561101308453339698e+01,4.166543224196527149e+02,4.994748572498082808e+02,3.579196677701643807e+02,5.119412728298181605e+02,-5.873465464948833414e+01,1.246641558000987970e+01,3.352104396631627878e+02,4.994748572498082808e+02,3.950364008131539890e+02,5.125510724842299624e+02,5.982596114999120118e+01,1.307621523442168154e+01
3.000000000000000000e+00,6.000000000000000000e+00,-6.864046015876068552e-01,-4.540743369205733626e-01,-1.715432301411369487e+00,3.759323810414077229e+02,6.170289763330778214e+02,3.793350636893911769e+02,6.176985928533288188e+02,3.402682647983453990e+00,6.696165202509973824e-01,-1.740949246264615340e+02,3.759323810414077229e+02,5.700073286997700279e+02,3.770331589447955594e+02,6.389819382339665026e+02,1.100777903387836432e+00,6.897460953419647467e+01,4.166543224196527149e+02,6.405398001497317182e+02,3.622977887567992070e+02,6.052628257259549400e+02,-5.435653366285350785e+01,-3.527697442377677817e+01,3.352104396631627878e+02,6.405398001497317182e+02,3.986742433665788212e+02,6.088510146000653549e+02,6.346380370341603339e+01,-3.168878554966636329e+01
3.000000000000000000e+00,7.000000000000000000e+00,-1.203373508377833856e+00,-7.889560079610723475e-01,-2.780392762579150467e+00,3.759323810414077229e+02,6.640506239663855013e+02,3.807339308499342678e+02,6.656067718884731903e+02,4.801549808526544894e+00,1.556147922087689039e+00,3.531733567650524463e+01,3.759323810414077229e+02,7.110722715996932948e+02,3.773890525549138601e+02,6.867503398635021767e+02,1.456671513506137217e+00,-2.432193173619111803e+01,4.166543224196527149e+02,6.405398001497317182e+02,3.645087164691830139e+02,6.524309975072130783e+02,-5.214560595046970093e+01,1.189119735748136009e+01,3.352104396631627878e+02,6.405398001497317182e+02,4.003040235257059862e+02,6.576389782947042022e+02,6.509358386254319839e+01,1.709917814497248401e+01
3.000000000000000000e+00,8.000000000000000000e+00,-1.160925570012192098e+00,-7.485304469674347594e-01,-2.812216281792719208e+00,3.759323810414077229e+02,7.580939192330009746e+02,3.803954297497548396e+02,7.595135184295282897e+02,4.463048708347116644e+00,1.419599196527315144e+00,-1.713146888689364005e+02,3.759323810414077229e+02,7.110722715996932948e+02,3.770555617033797944e+02,7.806645652283500567e+02,1.123180661972071448e+00,6.959229362865676194e+01,4.166543224196527149e+02,7.816047430496548714e+02,3.641053948446606228e+02,7.462887144626407689e+02,-5.254892757499209210e+01,-3.531602858701410241e+01,3.352104396631627878e+02,7.816047430496548714e+02,4.000253327012242721e+02,7.515872755975940436e+02,6.481489303806148428e+01,-3.001746745206082778e+01
3.000000000000000000e+00,9.000000000000000000e+00,-6.126394695882620978e-01,-3.926297183282203562e-01,-1.735239330660542256e+00,3.759323810414077229e+02,8.051155668663088818e+02,3.789437353352099649e+02,8.056572806640436966e+02,3.011354293802241955e+00,5.417137977348147615e-01,3.703862616843755262e+01,3.759323810414077229e+02,8.521372144996165616e+02,3.766431456588163655e+02,8.269503808901199591e+02,7.107646174086426072e-01,-2.518683360949660255e+01,4.166543224196527149e+02,7.816047430496549850e+02,3.618496972248180441e+02,7.931662900429279262e+02,-5.480462519483467076e+01,1.156154699327294111e+01,3.352104396631627878e+02,7.816047430496549850e+02,3.983383631219954850e+02,7.968551710590832045e+02,6.312792345883269718e+01,1.525042800942821941e+01
4.000000000000000000e+00,0.000000000000000000e+00,-3.228484231933351565e-11,-2.178414547415549468e-11,-4.130328354686953453e-09,4.166543224196527149e+02,1.703233238166538968e+02,4.166795089615391134e+02,1.703214052542165575e+02,2.518654188639857239e-02,-1.918562437339232929e-03,5.165648668593572523e+01,4.166543224196527149e+02,2.173449714499616618e+02,4.166770010063304426e+02,1.917586351600339754e+02,2.267858667772770787e-02,-2.558633628992768649e+01,4.573762637978976500e+02,1.468125000000000000e+02,3.981155927387814017e+02,1.596006379250126486e+02,-5.926067105911624822e+01,1.278813792501264857e+01,3.759323810414077229e+02,1.468125000000000000e+02,4.352459331395053823e+02,1.596049426776030487e+02,5.931355209809765938e+01,1.279244267760304865e+01
4.000000000000000000e+00,1.000000000000000000e+00,-1.183220997272503198e-07,-7.983530923855917562e-08,-3.611697952552962018e-06,4.166543224196527149e+02,2.643666190832694269e+02,4.166795089615391134e+02,2.643647005208321161e+02,2.518654188639857239e-02,-1.918562437310811220e-03,-1.799933271360762888e+02,4.166543224196527149e+02,2.173449714499616618e+02,4.166770010063304426e+02,2.858019304266495055e+02,2.267858667772770787e-02,6.845695897668784369e+01,4.573762637978976500e+02,2.878774428999233237e+02,3.981155927387814017e+02,2.536439331916282072e+02,-5.926067105911624822e+01,-3.423350970829511652e+01,3.759323810414077229e+02,2.878774428999233237e+02,4.352459331395053823e+02,2.536482379442186073e+02,5.931355209809765938e+01,-3.422920495570471644e+01
4.000000000000000000e+00,2.000000000000000000e+00,-3.859613566684341365e-06,-2.604031377759949673e-06,-6.444614405650243036e-05,4.166543224196527149e+02,3.113882667165772204e+02,4.166795089615391134e+02,3.113863481541399096e+02,2.518654188639857239e-02,-1.918562437310811220e-03,5.165648669621741362e+01,4.166543224196527149e+02,3.584099143498850140e+02,4.166770010063304426e+02,3.328235780599572990e+02,2.267858667772770787e-02,-2.558633628992771492e+01,4.573762637978976500e+02,2.878774428999233237e+02,3.981155927387814017e+02,3.006655808249360007e+02,-5.926067105911624822e+01,1.278813792501267699e+01,3.759323810414077229e+02,2.878774428999233237e+02,4.352459331395053823e+02,3.006698855775264292e+02,5.931355209809765938e+01,1.279244267760310549e+01
4.000000000000000000e+00,3.000000000000000000e+00,-1.197563434235580883e-03,-8.075409618978118733e-04,-7.543088692158667931e-03,4.166543224196527149e+02,4.054315619831927506e+02,4.166798720782311420e+02,4.054294901317367135e+02,2.554965857842717014e-02,-2.071851456037165917e-03,-1.799727233265024040e+02,4.166543224196527149e+02,3.584099143498850140e+02,4.166696549720288658e+02,4.268667177272287745e+02,1.533255237615094302e-02,6.845680337734376053e+01,4.573762637978976500e+02,4.289423857998466474e+02,3.981198131548741230e+02,3.947020480430178395e+02,-5.925645064302352694e+01,-3.424033775682880787e+01,3.759323810414077229e+02,4.289423857998466474e+02,4.352501481077905510e+02,3.947197046249634695e+02,5.931776706638282803e+01,-3.422268117488317785e+01
4.000000000000000000e+00,4.000000000000000000e+00,-1.144840688862158555e-02,-7.713346563698882975e-03,-4.976438201204714390e-02,4.166543224196527149e+02,4.524532096165004873e+02,4.167016819027847987e+02,4.524440006795170461e+02,4.735948313208382388e-02,-9.208936983441162738e-03,3.701290361368695159e+01,4.166543224196527149e+02,4.994748572498082808e+02,4.166261152105321344e+02,4.738810925927848530e+02,-2.820720912058050089e-02,-2.559376465702342784e+01,4.573762637978976500e+02,4.289423857998466474e+02,3.981744713560287892e+02,4.416600665456056731e+02,-5.920179244186886081e+01,1.271768074575902574e+01,3.759323810414077229e+02,4.289423857998466474e+02,4.353044591417934726e+02,4.417908429001605555e+02,5.937207810038574962e+01,1.284845710031390809e+01
4.000000000000000000e+00,5.000000000000000000e+00,-3.170366931566773183e-01,-2.125855154609272712e-01,-8.204163745396689800e-01,4.166543224196527149e+02,5.464965048831161312e+02,4.182427282180220232e+02,5.465847157564048757e+02,1.588405798369308286e+00,8.821087328874455125e-02,-1.770361974685388304e+02,4.166543224196527149e+02,4.994748572498082808e+02,4.171037797767035045e+02,5.679801129617185325e+02,4.494573570507895965e-01,6.850525571191025165e+01,4.573762637978976500e+02,5.700073286997699142e+02,4.003431136469347393e+02,5.349578274901029999e+02,-5.703315015096291063e+01,-3.504950120966691429e+01,3.759323810414077229e+02,5.700073286997699142e+02,4.372812912304277688e+02,5.368162068173933221e+02,6.134891018902004589e+01,-3.319112188237659211e+01
4.000000000000000000e+00,6.000000000000000000e+00,-9.345912248433931868e-01,-6.236321622030590595e-01,-2.065124528189984154e+00,4.166543224196527149e+02,5.935181525164239247e+02,4.211661981550325891e+02,5.946055936608379398e+02,4.511875735379874186e+00,1.087441144414015071e+00,3.731313381641489713e+01,4.166543224196527149e+02,6.405398001497317182e+02,4.184366983638092279e+02,6.158275917821224539e+02,1.782375944156513015e+00,-2.471220836760926431e+01,4.573762637978976500e+02,5.700073286997700279e+02,4.045628723481206634e+02,5.819438073137234824e+02,-5.281339144977698652e+01,1.193647861395345444e+01,3.759323810414077229e+02,5.700073286997700279e+02,4.404990237531677622e+02,5.860453818866676556e+02,6.456664271176003922e+01,1.603805318689762771e+01
4.000000000000000000e+00,7.000000000000000000e+00,-2.622979839588348128e+00,-1.724939030738694479e+00,-5.077798292334644081e+00,4.166543224196527149e+02,6.875614477830395117e+02,4.121297992698043799e+02,6.864044226333109009e+02,-4.524523149848334924e+00,-1.157025149728610813e+00,-1.725663262262006015e+02,4.166543224196527149e+02,6.405398001497317182e+02,4.093458764667252581e+02,7.076596888901891589e+02,-7.308445952927456801e+00,6.711988874045744069e+01,4.573762637978976500e+02,7.110722715996932948e+02,3.953317455793499562e+02,6.734126634258091144e+02,-6.204451821854769378e+01,-3.765960817388418036e+01,3.759323810414077229e+02,7.110722715996932948e+02,4.317117757633378687e+02,6.781409155839344294e+02,5.577939472193014581e+01,-3.293135601575886540e+01
4.000000000000000000e+00,8.000000000000000000e+00,-2.470856915668846465e+00,-1.611978804111245056e+00,-4.949877886603862187e+00,4.166543224196527149e+02,7.345830954163471915e+02,4.128880770189500709e+02,7.337265576736535877e+02,-3.766245400702644019e+00,-8.565377426936038319e-01,9.347958905959517395e+00,4.166543224196527149e+02,7.816047430496549850e+02,4.099748530796430828e+02,7.549648907621726721e+02,-6.679469340009632106e+00,-2.663985228748231293e+01,4.573762637978976500e+02,7.110722715996934085e+02,3.961061797485226066e+02,7.206098862869497452e+02,-6.127008404937504338e+01,9.537614687256336765e+00,3.759323810414077229e+02,7.110722715996934085e+02,4.325831982286844095e+02,7.256048959718381184e+02,5.665081718727668658e+01,1.453262437214470992e+01
4.000000000000000000e+00,9.000000000000000000e+00,-6.406982700152134003e-01,-4.126775065189908220e-01,-1.782706143563473900e+00,4.166543224196527149e+02,8.286263906829626649e+02,4.197914757185275221e+02,8.292222988371079282e+02,3.137153298874807206e+00,5.959081541452633246e-01,-1.738866627229975563e+02,4.166543224196527149e+02,7.816047430496548714e+02,4.174325543792605231e+02,8.505074472705941844e+02,7.782319596078082213e-01,6.890270422093931302e+01,4.573762637978976500e+02,8.521372144996165616e+02,4.027476096118847408e+02,8.166964973498156724e+02,-5.462865418601290912e+01,-3.544071714980088927e+01,3.759323810414077229e+02,8.521372144996165616e+02,4.391942631644372455e+02,8.204629518909138142e+02,6.326188212302952252e+01,-3.167426260870274746e+01
5.000000000000000000e+00,0.000000000000000000e+00,-4.794961546338150870e-10,-3.235391060403489809e-10,-3.814827666199660196e-08,4.573762637978976500e+02,1.938341476333077651e+02,4.574004231671005982e+02,1.938310789929680027e+02,2.415936920294825541e-02,-3.068640339762396252e-03,-1.799905486346467853e+02,4.573762637978976500e+02,1.468125000000000000e+02,4.573968772142691819e+02,2.152683100787253068e+02,2.061341637153191186e-02,6.845581007872530677e+01,4.980982051761426419e+02,2.173449714499616618e+02,4.388370256031943200e+02,1.831094094064318369e+02,-5.926117957294832195e+01,-3.423556204352982490e+01,4.166543224196527149e+02,2.173449714499616618e+02,4.759673666838382928e+02,1.831155174937468644e+02,5.931304426418557796e+01,-3.422945395621479747e+01
5.000000000000000000e+00,1.000000000000000000e+00,-2.902552912565744366e-08,-1.958476337912884715e-08,-1.126120653249221407e-06,4.573762637978976500e+02,2.408557952666155302e+02,4.574005052432632965e+02,2.408527715900845578e+02,2.424144536564654118e-02,-3.023676530972352339e-03,4.617122455351509558e+01,4.573762637978976500e+02,2.878774428999233237e+02,4.573969592899597956e+02,2.622900026758387639e+02,2.069549206214560400e-02,-2.558744022408455976e+01,4.980982051761426419e+02,2.173449714499616334e+02,4.388371076795958743e+02,2.301311020031486123e+02,-5.926109749654676762e+01,1.278613055318697889e+01,4.166543224196527149e+02,2.173449714499616334e+02,4.759674487602341060e+02,2.301372100912663541e+02,5.931312634058139110e+01,1.279223864130472066e+01
5.000000000000000000e+00,2.000000000000000000e+00,-3.086880689572465118e-05,-2.082671106227872943e-05,-3.563655435488026816e-04,4.573762637978976500e+02,3.348990905332310604e+02,4.574005085133547368e+02,3.348960685912377357e+02,2.424471545708684062e-02,-3.021941993324617215e-03,-1.799905486348431225e+02,4.573762637978976500e+02,2.878774428999233237e+02,4.573969625605921578e+02,3.563332996769917145e+02,2.069876269450787731e-02,6.845585677706839078e+01,4.980982051761426419e+02,3.584099143498849571e+02,4.388371109494170241e+02,3.241743990047708621e+02,-5.926109422672561777e+01,-3.423551534511409500e+01,4.166543224196527149e+02,3.584099143498849571e+02,4.759674520300550853e+02,3.241805070919506306e+02,5.931312961040237042e+01,-3.422940725793432648e+01
5.000000000000000000e+00,3.000000000000000000e+00,-5.429058106907369737e-04,-3.662327242677753921e-04,-3.830476363944503200e-03,4.573762637978976500e+02,3.819207381665389107e+02,4.574006916033445123e+02,3.819177908731105049e+02,2.442780544686229405e-02,-2.947293428405828308e-03,4.645822174846835395e+01,4.573762637978976500e+02,4.289423857998466474e+02,4.573942842922074306e+02,4.033550211804711694e+02,1.802049430978058808e-02,-2.558736461937547801e+01,4.980982051761426419e+02,3.584099143498850140e+02,4.388387255638202191e+02,3.711936440166041393e+02,-5.925947961232242278e+01,1.278372966671912536e+01,4.166543224196527149e+02,3.584099143498850140e+02,4.759690649540059439e+02,3.712047074222561491e+02,5.931474253435322908e+01,1.279479307237113517e+01
5.000000000000000000e+00,4.000000000000000000e+00,-4.923874225173014568e-02,-3.317769869368140945e-02,-1.632777909924126025e-01,4.573762637978976500e+02,4.759640334331544409e+02,4.576249582177825346e+02,4.759449390417134964e+02,2.486944198848846099e-01,-1.909439144094449148e-02,-1.793904666124651897e+02,4.573762637978976500e+02,4.289423857998466474e+02,4.573959299853858056e+02,4.973805348749210680e+02,1.966618748815562867e-02,6.843814907507442058e+01,4.980982051761426419e+02,4.994748572498082808e+02,4.391773210349488181e+02,4.650305114026867273e+02,-5.892088414119382378e+01,-3.444434584712155356e+01,4.166543224196527149e+02,4.994748572498082808e+02,4.763016236330130369e+02,4.654237708475327508e+02,5.964730121336032198e+01,-3.405108640227552996e+01
5.000000000000000000e+00,5.000000000000000000e+00,-2.557842187003472323e-01,-1.720924214401021723e-01,-6.512730162766311448e-01,4.573762637978976500e+02,5.229856810664621207e+02,4.586407477299480888e+02,5.230157294992264951e+02,1.264483932050438852e+00,3.004843276437441091e-02,4.449802203480786744e+01,4.573762637978976500e+02,5.700073286997699142e+02,4.577372775313444890e+02,5.444257942674776132e+02,3.610137334468390691e-01,-2.558153443229230106e+01,4.980982051761426419e+02,4.994748572498082808e+02,4.405896686801838200e+02,5.115664400331853017e+02,-5.750853649595882189e+01,1.209158278337702086e+01,4.166543224196527149e+02,4.994748572498082808e+02,4.775952969783160142e+02,5.130549541970167411e+02,6.094097455866329938e+01,1.358009694720846028e+01
5.000000000000000000e+00,6.000000000000000000e+00,-2.116458353900301237e+00,-1.414447243670443166e+00,-3.931010914892530295e+00,4.573762637978976500e+02,6.170289763330778214e+02,4.597005724601269776e+02,6.186176687600889181e+02,2.324308662229327638e+00,1.588692427011096697e+00,-1.704402719821038943e+02,4.573762637978976500e+02,5.700073286997700279e+02,4.560948131080473331e+02,6.397264334672433961e+02,-1.281450689850316849e+00,6.971910476747336816e+01,4.980982051761426419e+02,6.405398001497317182e+02,4.432827336242542060e+02,6.050385952124847790e+02,-5.481547155188843590e+01,-3.550120493724693915e+01,4.166543224196527149e+02,6.405398001497317182e+02,4.797241706480792800e+02,6.110879776005385793e+02,6.306984822842656513e+01,-2.945182254919313891e+01
5.000000000000000000e+00,7.000000000000000000e+00,-3.409053435314698177e+00,-2.265667198425166617e+00,-5.979988873872360777e+00,4.573762637978976500e+02,6.640506239663855013e+02,4.486126178382575063e+02,6.611710185808941560e+02,-8.763645959640143701e+00,-2.879605385491345260e+00,1.812645601152310704e+01,4.573762637978976500e+02,7.110722715996932948e+02,4.468931061756578629e+02,6.825272206011561593e+02,-1.048315762223978709e+01,-2.854505099853713546e+01,4.980982051761426419e+02,6.405398001497317182e+02,4.316714377899642159e+02,6.492309910947759590e+02,-6.642676738617842602e+01,8.691190945044240834e+00,4.166543224196527149e+02,6.405398001497317182e+02,4.672733095491505537e+02,6.517548440467503497e+02,5.061898712949783885e+01,1.121504389701863147e+01
5.000000000000000000e+00,8.000000000000000000e+00,-2.754590965788192847e+00,-1.806254399457701609e+00,-5.322223118165932298e+00,4.573762637978976500e+02,7.580939192330009746e+02,4.518441417840086842e+02,7.565130053410208575e+02,-5.532122013888965739e+00,-1.580913891980117114e+00,-1.732739765625716757e+02,4.573762637978976500e+02,7.110722715996932948e+02,4.493077647473714933e+02,7.777978398176510382e+02,-8.068499050526156680e+00,6.672556821795774340e+01,4.980982051761426419e+02,7.816047430496548714e+02,4.349904438879560757e+02,7.437560853170909922e+02,-6.310776128818656616e+01,-3.784865773256387911e+01,4.166543224196527149e+02,7.816047430496548714e+02,4.712342167166986542e+02,7.479850908883204283e+02,5.457989429704593931e+01,-3.361965216133444301e+01
5.000000000000000000e+00,9.000000000000000000e+00,-1.352636801301453140e+00,-8.813901189470596531e-01,-3.101123649457595111e+00,4.573762637978976500e+02,8.051155668663088818e+02,4.619028615694844575e+02,8.067664810058380453e+02,4.526597771586807539e+00,1.650914139529163549e+00,3.575531577546976791e+01,4.573762637978976500e+02,8.521372144996165616e+02,4.583858749683921587e+02,8.278874017835672703e+02,1.009611170494508769e+00,-2.424981271604929134e+01,4.980982051761426419e+02,7.816047430496549850e+02,4.457125702582479221e+02,7.934068117606675514e+02,-5.238563491789471982e+01,1.180206871101256638e+01,4.166543224196527149e+02,7.816047430496549850e+02,4.816101394818132349e+02,7.990052294732794280e+02,6.495581706216051998e+01,1.740048642362444298e+01
6.000000000000000000e+00,0.000000000000000000e+00,-6.335454087768985369e-11,-4.274845841877277643e-11,-7.177835860466746032e-09,4.980982051761426419e+02,1.703233238166538968e+02,4.981232264227925270e+02,1.703204948050015446e+02,2.502124664988514269e-02,-2.829011652352164674e-03,4.751699088370779833e+01,4.980982051761426419e+02,2.173449714499616618e+02,4.981207317320493075e+02,1.917577255305505730e+02,2.252655590666563512e-02,-2.558724591941108883e+01,5.388201465543875202e+02,1.468125000000000000e+02,4.795593041379474357e+02,1.595997372832394774e+02,-5.926084241644008443e+01,1.278723728323947739e+01,4.573762637978976500e+02,1.468125000000000000e+02,5.166896433983808947e+02,1.596040216012145549e+02,5.931337960048324476e+01,1.279152160121455495e+01
6.000000000000000000e+00,1.000000000000000000e+00,-2.321336551733496057e-07,-1.566304165232114514e-07,-6.241610707600446907e-06,4.980982051761426419e+02,2.643666190832694269e+02,4.981232395084954305e+02,2.643637965381925028e+02,2.503433235278862412e-02,-2.822545076924143359e-03,-1.799933606129431496e+02,4.980982051761426419e+02,2.173449714499616618e+02,4.981207448119163814e+02,2.858010272637397975e+02,2.253963577373951921e-02,6.845605581377813564e+01,5.388201465543875202e+02,2.878774428999233237e+02,4.795593172265691351e+02,2.536430390113795852e+02,-5.926082932781838508e+01,-3.423440388854373850e+01,4.573762637978976500e+02,2.878774428999233237e+02,5.166896564870007751e+02,2.536473233394581257e+02,5.931339268910312512e+01,-3.423011956046519799e+01
6.000000000000000000e+00,2.000000000000000000e+00,-7.568175330616923633e-06,-5.106451879199170244e-06,-1.107626816901584852e-04,4.980982051761426419e+02,3.113882667165772204e+02,4.981232395084954305e+02,3.113854441715002963e+02,2.503433235278862412e-02,-2.822545076924143359e-03,4.751699536098575294e+01,4.980982051761426419e+02,3.584099143498850140e+02,4.981207448119163814e+02,3.328226748970475910e+02,2.253963577373951921e-02,-2.558723945283742296e+01,5.388201465543875202e+02,2.878774428999233237e+02,4.795593172265691351e+02,3.006646866446873787e+02,-5.926082932781838508e+01,1.278724374476405501e+01,4.573762637978976500e+02,2.878774428999233237e+02,5.166896564870007751e+02,3.006689709727659192e+02,5.931339268910312512e+01,1.279152807284259552e+01
6.000000000000000000e+00,3.000000000000000000e+00,-2.337517280065514510e-03,-1.576865491225745187e-03,-1.269025660301256915e-02,4.980982051761426419e+02,4.054315619831927506e+02,4.981240241857683486e+02,4.054285114783601216e+02,2.581900962570671254e-02,-3.050504832629030716e-03,-1.799590084987242165e+02,4.980982051761426419e+02,3.584099143498850140e+02,4.981086760864942562e+02,4.268657367092354207e+02,1.047091035161429318e-02,6.845582235935040671e+01,5.388201465543875202e+02,4.289423857998466474e+02,4.795665347548338673e+02,3.946966262920694817e+02,-5.925361179955365287e+01,-3.424575950777716571e+01,4.573762637978976500e+02,4.289423857998466474e+02,5.166968617159768655e+02,3.947231714337752919e+02,5.932059791807921556e+01,-3.421921436607135547e+01
6.000000000000000000e+00,4.000000000000000000e+00,-2.218621310188286302e-02,-1.496179852114737016e-02,-8.217329574831627736e-02,4.980982051761426419e+02,4.524532096165004873e+02,4.982223016161366331e+02,4.524422788777303026e+02,1.240964399939912255e-01,-1.093073877018468920e-02,4.773524122803687675e+01,4.980982051761426419e+02,4.994748572498082808e+02,4.981060472349590782e+02,4.738790875857204128e+02,7.842058816436292545e-03,-2.559576966408786802e+01,5.388201465543875202e+02,4.289423857998466474e+02,4.797160097725072774e+02,4.416236374860541218e+02,-5.910413678188024278e+01,1.268125168620747445e+01,4.573762637978976500e+02,4.289423857998466474e+02,5.168448478409436575e+02,4.418241115614163732e+02,5.946858404304600754e+01,1.288172576156972582e+01
6.000000000000000000e+00,5.000000000000000000e+00,-5.895364613540462484e-01,-3.968136069967168611e-01,-1.274504569074843996e+00,4.980982051761426419e+02,5.464965048831161312e+02,5.010878538729367619e+02,5.468788349794674559e+02,2.989648696794120042e+00,3.823300963513247552e-01,-1.755032728777514990e+02,4.980982051761426419e+02,4.994748572498082808e+02,4.993197888923995151e+02,5.682139001903956341e+02,1.221583716256873231e+00,6.873904294058735331e+01,5.388201465543875202e+02,5.700073286997699142e+02,4.836965480045860204e+02,5.348521551108840413e+02,-5.512359854980149976e+01,-3.515517358888587296e+01,4.573762637978976500e+02,5.700073286997699142e+02,5.202472247218245229e+02,5.375704496371229197e+02,6.287096092392687297e+01,-3.243687906264699450e+01
6.000000000000000000e+00,6.000000000000000000e+00,-1.663437075204348359e+00,-1.117277270841553705e+00,-3.069203808345847051e+00,4.980982051761426419e+02,5.935181525164239247e+02,5.054177659472410369e+02,5.959179031988651332e+02,7.319560771098394980e+00,2.399750682441208482e+00,3.089577265010688834e+01,4.980982051761426419e+02,6.405398001497317182e+02,5.017006030870131781e+02,6.169850996866234709e+02,3.602397910870536180e+00,-2.355470046310824728e+01,5.388201465543875202e+02,5.700073286997700279e+02,4.900105296615520274e+02,5.827509147241366918e+02,-4.880961689283549276e+01,1.274358602436666388e+01,4.573762637978976500e+02,5.700073286997700279e+02,5.245421650931577915e+02,5.880176951858352368e+02,6.716590129526014152e+01,1.801036648606520885e+01
6.000000000000000000e+00,7.000000000000000000e+00,-4.050289845129774413e+00,-2.699360685714617070e+00,-6.743671936333474726e+00,4.980982051761426419e+02,6.875614477830395117e+02,4.863742905264988963e+02,6.836189876180020519e+02,-1.172391464964374563e+01,-3.942460165037459774e+00,-1.787409818789681424e+02,4.980982051761426419e+02,6.405398001497317182e+02,4.857093587435297195e+02,7.050179000496476647e+02,-1.238884643261292240e+01,6.447809989991594648e+01,5.388201465543875202e+02,7.110722715996932948e+02,4.692775613998211384e+02,6.727050402530401243e+02,-6.954258515456638179e+01,-3.836723134665317048e+01,4.573762637978976500e+02,7.110722715996932948e+02,5.041359514361457741e+02,6.731340225513184805e+02,4.675968763824812413e+01,-3.793824904837481427e+01
6.000000000000000000e+00,8.000000000000000000e+00,-3.500181782483698711e+00,-2.319736569539807114e+00,-6.173652928023810382e+00,4.980982051761426419e+02,7.345830954163471915e+02,4.887639813296350439e+02,7.314744150047911262e+02,-9.334223846507597955e+00,-3.108680411556065337e+00,1.830381541591528816e+01,4.980982051761426419e+02,7.816047430496549850e+02,4.872843709310062081e+02,7.528456820655278534e+02,-1.081383424513643376e+01,-2.875906098412713163e+01,5.388201465543875202e+02,7.110722715996934085e+02,4.717603411440498462e+02,7.197603299369571914e+02,-6.705980541033767395e+01,8.688058337263782960e+00,4.573762637978976500e+02,7.110722715996934085e+02,5.072472319138491912e+02,7.218172330118884474e+02,4.987096811595154122e+01,1.074496141219503897e+01
6.000000000000000000e+00,9.000000000000000000e+00,-7.783962412145705168e-01,-5.092850249371909666e-01,-1.969637902415986463e+00,4.980982051761426419e+02,8.286263906829626649e+02,5.018371149375896039e+02,8.294522426587534483e+02,3.738909761446961966e+00,8.258519757907833991e-01,-1.733433928658287471e+02,4.980982051761426419e+02,7.816047430496548714e+02,4.992509512932919051e+02,8.507044345639855010e+02,1.152746117149263227e+00,6.909969151433062962e+01,5.388201465543875202e+02,8.521372144996165616e+02,4.850133596301220678e+02,8.168035464902043259e+02,-5.380678692426545240e+01,-3.533366800941223573e+01,4.573762637978976500e+02,8.521372144996165616e+02,5.212470338893548387e+02,8.208487469220710864e+02,6.387077009145718876e+01,-3.128846757754547525e+01
7.000000000000000000e+00,0.000000000000000000e+00,-5.066796113895677569e-10,-3.418819084480785188e-10,-3.981447744349052784e-08,5.388201465543875202e+02,1.938341476333077651e+02,5.388466944641800183e+02,1.938599283148159031e+02,2.654790979249810334e-02,2.578068150813805914e-02,-1.799939389943816650e+02,5.388201465543875202e+02,1.468125000000000000e+02,5.388444104665069290e+02,2.152971067540143508e+02,2.426391211940881476e-02,6.848460675401435083e+01,5.795420879326325121e+02,2.173449714499616618e+02,5.202826500442781708e+02,1.831393892819268672e+02,-5.925943788835434134e+01,-3.420558216803479468e+01,4.980982051761426419e+02,2.173449714499616618e+02,5.574130228817548414e+02,1.831432889085064630e+02,5.931481770561219946e+01,-3.420168254145519882e+01
7.000000000000000000e+00,1.000000000000000000e+00,-3.066885675952116453e-08,-2.069374619000356701e-08,-1.173086536766551171e-06,5.388201465543875202e+02,2.408557952666155302e+02,5.388466247282750601e+02,2.408814715165614473e+02,2.647817388753992418e-02,2.567624994591710674e-02,1.481119652412832579e+02,5.388201465543875202e+02,2.878774428999233237e+02,5.388443406939045417e+02,2.623186499557886009e+02,2.419413951702154009e-02,-2.555879294413472280e+01,5.795420879326325121e+02,2.173449714499616334e+02,5.202825803267216997e+02,2.301609324518563540e+02,-5.925950760591081234e+01,1.281596100189472054e+01,4.980982051761426419e+02,2.173449714499616334e+02,5.574129531641990525e+02,2.301648321420393870e+02,5.931474798805641058e+01,1.281986069207775358e+01
7.000000000000000000e+00,2.000000000000000000e+00,-3.259155501966522347e-05,-2.199044805213487116e-05,-3.683173200249202509e-04,5.388201465543875202e+02,3.348990905332310604e+02,5.388466483915497065e+02,3.349247952695984623e+02,2.650183716218634800e-02,2.570473636740189249e-02,-1.799939388924957768e+02,5.388201465543875202e+02,2.878774428999233237e+02,5.388443643557689029e+02,3.563619737088276906e+02,2.421780138138274197e-02,6.848453080890436695e+01,5.795420879326325121e+02,3.584099143498849571e+02,5.202826039907010909e+02,3.242042562036694449e+02,-5.925948394193142121e+01,-3.420565814621551226e+01,4.980982051761426419e+02,3.584099143498849571e+02,5.574129768281787847e+02,3.242081558962982513e+02,5.931477165203614277e+01,-3.420175845358670585e+01
7.000000000000000000e+00,3.000000000000000000e+00,-5.724037276535028562e-04,-3.861965175722799565e-04,-3.929675188527019178e-03,5.388201465543875202e+02,3.819207381665389107e+02,5.388466483915497065e+02,3.819464429029063126e+02,2.650183716218634800e-02,2.570473636740189249e-02,1.481119658500153093e+02,5.388201465543875202e+02,4.289423857998466474e+02,5.388443643557689029e+02,4.033836213421355410e+02,2.421780138138274197e-02,-2.555876445771110639e+01,5.795420879326325121e+02,3.584099143498850140e+02,5.202826039907010909e+02,3.712259038369772952e+02,-5.925948394193142121e+01,1.281598948709228125e+01,4.980982051761426419e+02,3.584099143498850140e+02,5.574129768281787847e+02,3.712298035296061016e+02,5.931477165203614277e+01,1.281988917972108766e+01
7.000000000000000000e+00,4.000000000000000000e+00,-5.138902319082244013e-02,-3.465793034456450539e-02,-1.630040993618231959e-01,5.388201465543875202e+02,4.759640334331544409e+02,5.390790406954895388e+02,4.759444166380089314e+02,2.588941411020186933e-01,-1.961679514550951353e-02,-1.793911847079410506e+02,5.388201465543875202e+02,4.289423857998466474e+02,5.388501984534329949e+02,4.973799781882819389e+02,3.005189904547478363e-02,6.843759238843529147e+01,5.795420879326325121e+02,4.994748572498082808e+02,5.206314718630271727e+02,4.650303124546987874e+02,-5.891061606960533936e+01,-3.444454479510949341e+01,4.980982051761426419e+02,4.994748572498082808e+02,5.577554517700082215e+02,4.654229592710461816e+02,5.965724659386557960e+01,-3.405189797876209923e+01
7.000000000000000000e+00,5.000000000000000000e+00,-2.633610255474441164e-01,-1.775159836162712723e-01,-6.356674310918042359e-01,5.388201465543875202e+02,5.229856810664621207e+02,5.401188312627118648e+02,5.230144279916476080e+02,1.298684708324344683e+00,2.874692518548727094e-02,4.458069672711528852e+01,5.388201465543875202e+02,5.700073286997699142e+02,5.392331156609429854e+02,5.444247244464022515e+02,4.129691065554652596e-01,-2.558260425336766275e+01,5.795420879326325121e+02,4.994748572498082808e+02,5.220608099492014844e+02,5.115826135940398558e+02,-5.748127798343102768e+01,1.210775634423157499e+01,4.980982051761426419e+02,4.994748572498082808e+02,5.590625681779912384e+02,5.130359459345008872e+02,6.096436300184859647e+01,1.356108868469260642e+01
7.000000000000000000e+00,6.000000000000000000e+00,-2.047122553468597506e+00,-1.375468152539493838e+00,-3.581898996997289419e+00,5.388201465543875202e+02,6.170289763330778214e+02,5.435270259193525817e+02,6.169258566164036210e+02,4.706879364965061541e+00,-1.031197166742003901e-01,-1.538331451292543761e+02,5.388201465543875202e+02,5.700073286997700279e+02,5.450433790373033389e+02,6.346497108510068301e+02,6.223232482915818764e+00,6.464238215123680220e+01,5.795420879326325121e+02,6.405398001497317182e+02,5.401714090505445256e+02,5.979327263225775368e+02,-3.937067888208798649e+01,-4.260707382715418134e+01,4.980982051761426419e+02,6.405398001497317182e+02,5.453662896702098806e+02,6.181951326756266099e+02,4.726808449406723867e+01,-2.234466747410510834e+01
7.000000000000000000e+00,7.000000000000000000e+00,-3.122882276279253411e+00,-2.090461898615605829e+00,-5.204229641629890324e+00,5.388201465543875202e+02,6.640506239663855013e+02,5.345991706655959206e+02,6.667954234794134436e+02,-4.220975888791599573e+00,2.744799513027942339e+00,-4.628802527958880120e+01,5.388201465543875202e+02,7.110722715996932948e+02,5.427240923413813789e+02,6.822843803921915651e+02,3.903945786993858746e+00,-2.878789120750172970e+01,5.795420879326325121e+02,6.405398001497317182e+02,5.360372180296839133e+02,6.463028891023980123e+02,-4.350486990294859879e+01,5.763088952666294063e+00,4.980982051761426419e+02,6.405398001497317182e+02,5.250362016257223559e+02,6.717990009436508672e+02,2.693799644957971395e+01,3.125920079391914896e+01
7.000000000000000000e+00,8.000000000000000000e+00,-2.190608272188814265e+00,-1.440685281166845577e+00,-4.176110740169257873e+00,5.388201465543875202e+02,7.580939192330009746e+02,5.350515833743736493e+02,7.577841801983822734e+02,-3.768563180013870806e+00,-3.097390346187012256e-01,-1.476021332453248647e+02,5.388201465543875202e+02,7.110722715996932948e+02,5.422279108896486832e+02,7.727761131068808709e+02,3.407764335261163069e+00,6.170384150718757610e+01,5.795420879326325121e+02,7.816047430496548714e+02,5.338294767318581080e+02,7.373359189576077597e+02,-4.571261120077440410e+01,-4.426882409204711166e+01,4.980982051761426419e+02,7.816047430496548714e+02,5.290973625016141568e+02,7.632405085306581896e+02,3.099915732547151492e+01,-1.836423451899668180e+01
7.000000000000000000e+00,9.000000000000000000e+00,-1.002651812625127592e+00,-6.474522941333931136e-01,-2.310059122823115985e+00,5.388201465543875202e+02,8.051155668663088818e+02,5.434263735775502937e+02,8.062708939734619662e+02,4.606227023162773548e+00,1.155327107153084398e+00,3.397668241124897293e+01,5.388201465543875202e+02,8.521372144996165616e+02,5.404725426379241071e+02,8.274730146515167917e+02,1.652396083536586957e+00,-2.466419984809976995e+01,5.795420879326325121e+02,7.816047430496549850e+02,5.269652667394797163e+02,7.933971802552897543e+02,-5.257682119315279579e+01,1.179243720563476927e+01,4.980982051761426419e+02,7.816047430496549850e+02,5.628413113552469440e+02,7.979424870135791252e+02,6.474310617910430210e+01,1.633774396392414019e+01
8.000000000000000000e+00,0.000000000000000000e+00,-3.605014003088767785e-11,-2.432484133401009263e-11,-4.503649092936596364e-09,5.795420879326325121e+02,1.703233238166538968e+02,5.795672671802228706e+02,1.703213855725859673e+02,2.517924759035850002e-02,-1.938244067929417724e-03,5.156450872146064057e+01,5.795420879326325121e+02,2.173449714499616618e+02,5.795647566578401211e+02,1.917586154985964697e+02,2.266872520760898624e-02,-2.558635595136519214e+01,6.202640293108775040e+02,1.468125000000000000e+02,5.610033522482506214e+02,1.596006159766953942e+02,-5.926067706262688262e+01,1.278811597669539424e+01,5.388201465543875202e+02,1.468125000000000000e+02,5.981336926345780967e+02,1.596049252424660381e+02,5.931354608019057650e+01,1.279242524246603807e+01
8.000000000000000000e+00,1.000000000000000000e+00,-1.320758085692835540e-07,-8.911788781222626379e-08,-3.905818119704529947e-06,5.795420879326325121e+02,2.643666190832694269e+02,5.795672677779311925e+02,2.643646807687205182e+02,2.517984529868044774e-02,-1.938314548908692814e-03,-1.799933202232332974e+02,5.795420879326325121e+02,2.173449714499616618e+02,5.795647572555368470e+02,2.858019106947310775e+02,2.266932290433487651e-02,6.845693924476941561e+01,6.202640293108775040e+02,2.878774428999233237e+02,5.610033528459646277e+02,2.536439111728199975e+02,-5.926067646491287633e+01,-3.423353172710332615e+01,5.388201465543875202e+02,2.878774428999233237e+02,5.981336932322922166e+02,2.536482204386105934e+02,5.931354667790469648e+01,-3.422922246131273027e+01
8.000000000000000000e+00,2.000000000000000000e+00,-4.305103864641273521e-06,-2.904838973710029541e-06,-6.912902283056318630e-05,5.795420879326325121e+02,3.113882667165772204e+02,5.795672677779311925e+02,3.113863284020283118e+02,2.517984529868044774e-02,-1.938314548908692814e-03,5.156450886434996050e+01,5.795420879326325121e+02,3.584099143498850140e+02,5.795647572555368470e+02,3.328235583280388710e+02,2.266932290433487651e-02,-2.558635602184614299e+01,6.202640293108775040e+02,2.878774428999233237e+02,5.610033528459646277e+02,3.006655588061278195e+02,-5.926067646491287633e+01,1.278811590620449579e+01,5.388201465543875202e+02,2.878774428999233237e+02,5.981336932322922166e+02,3.006698680719183585e+02,5.931354667790469648e+01,1.279242517199503482e+01
8.000000000000000000e+00,3.000000000000000000e+00,-1.327164123420824810e-03,-8.954267972546235948e-04,-7.837702831748267693e-03,5.795420879326325121e+02,4.054315619831927506e+02,5.795677348790504766e+02,4.054294172253742659e+02,2.564694641796450014e-02,-2.144757818484777090e-03,-1.799698312746166948e+02,5.795420879326325121e+02,3.584099143498850140e+02,5.795564356669833614e+02,4.268666442881700505e+02,1.434773435084935045e-02,6.845672993828503650e+01,6.202640293108775040e+02,4.289423857998466474e+02,5.610082176783876093e+02,3.947010383490943468e+02,-5.925581163248989469e+01,-3.424134745075230057e+01,5.388201465543875202e+02,4.289423857998466474e+02,5.981385512917804590e+02,3.947205690388583434e+02,5.931840473739293884e+01,-3.422181676098830394e+01
8.000000000000000000e+00,4.000000000000000000e+00,-1.255907333231125536e-02,-8.472209745567291575e-03,-5.027550088505967213e-02,5.795420879326325121e+02,4.524532096165004873e+02,5.795904976368955204e+02,4.524435059980082201e+02,4.840970426300827967e-02,-9.703618492267196416e-03,3.635562494988037230e+01,5.795420879326325121e+02,4.994748572498082808e+02,5.795147173769539677e+02,4.738805970348794290e+02,-2.737055567854440596e-02,-2.559426021492885184e+01,6.202640293108775040e+02,4.289423857998466474e+02,5.610633987255132524e+02,4.416593890701578857e+02,-5.920063058536425160e+01,1.271700327031123834e+01,5.388201465543875202e+02,4.289423857998466474e+02,5.981933768082192273e+02,4.417905318889872319e+02,5.937323025383170716e+01,1.284814608914058454e+01
8.000000000000000000e+00,5.000000000000000000e+00,-3.279101835181072455e-01,-2.208381698389864922e-01,-7.551057395610829559e-01,5.795420879326325121e+02,5.464965048831161312e+02,5.811766156355203066e+02,5.465691619450117287e+02,1.634527702887794476e+00,7.265706189559750783e-02,-1.772674919247052117e+02,5.795420879326325121e+02,4.994748572498082808e+02,5.801216387600400139e+02,5.679678189153523817e+02,5.795508274075018562e-01,6.849296166554410092e+01,6.202640293108775040e+02,5.700073286997699142e+02,5.632362115409611079e+02,5.350175700799568403e+02,-5.702781776991639617e+01,-3.498975861981307389e+01,5.388201465543875202e+02,5.700073286997699142e+02,6.001719966055600253e+02,5.367220968397261913e+02,6.135185005117250512e+01,-3.328523186004372292e+01
8.000000000000000000e+00,6.000000000000000000e+00,-9.074624225721271698e-01,-6.090324288707521516e-01,-1.776602934639782472e+00,5.795420879326325121e+02,5.935181525164239247e+02,5.840842318976848446e+02,5.944242346392096579e+02,4.542143965052332533e+00,9.060821227857331905e-01,3.771486839407774028e+01,5.795420879326325121e+02,6.405398001497317182e+02,5.816511823321704924e+02,6.156758280610877136e+02,2.109094399537980280e+00,-2.486397208864400454e+01,6.202640293108775040e+02,5.700073286997700279e+02,5.673341631114956272e+02,5.820299272651172942e+02,-5.292986619938187687e+01,1.202259856534726623e+01,5.388201465543875202e+02,5.700073286997700279e+02,6.032673502493885280e+02,5.855669485914237384e+02,6.444720369500100787e+01,1.555961989165371051e+01
8.000000000000000000e+00,7.000000000000000000e+00,-2.065746519302432915e+00,-1.341245979019223267e+00,-3.753672176749997202e+00,5.795420879326325121e+02,6.875614477830395117e+02,5.838816550559646430e+02,6.896503900947172951e+02,4.339567123332130905e+00,2.088942311677783437e+00,-1.702735082393876382e+02,5.795420879326325121e+02,6.405398001497317182e+02,5.801585703508744700e+02,7.107307784068029832e+02,6.164824182419579301e-01,7.019097825707126503e+01,6.202640293108775040e+02,7.110722715996932948e+02,5.677523838940605856e+02,6.761214241293281475e+02,-5.251164541681691844e+01,-3.495084747036514727e+01,5.388201465543875202e+02,7.110722715996932948e+02,6.037340109229588734e+02,6.820989677480206410e+02,6.491386436857135322e+01,-2.897330385167265376e+01
8.000000000000000000e+00,8.000000000000000000e+00,-1.713008933704212255e+00,-1.052493097759482410e+00,-3.460179107885010374e+00,5.795420879326325121e+02,7.345830954163471915e+02,5.842005235424652483e+02,7.362537241068803269e+02,4.658435609832736191e+00,1.670628690533135341e+00,3.089151649099554220e+01,5.795420879326325121e+02,7.816047430496549850e+02,5.805541260368555641e+02,7.573623123867316735e+02,1.012038104223051960e+00,-2.424243066292331150e+01,6.202640293108775040e+02,7.110722715996934085e+02,5.680946891372525442e+02,7.227518790733334981e+02,-5.216934017362495979e+01,1.167960747364008967e+01,5.388201465543875202e+02,7.110722715996934085e+02,6.039527554532878639e+02,7.286469808605756953e+02,6.513260889890034377e+01,1.757470926088228680e+01
8.000000000000000000e+00,9.000000000000000000e+00,-3.647720151976122094e-01,-1.561012789211079499e-01,-1.178890973966383759e+00,5.795420879326325121e+02,8.286263906829626649e+02,5.812283033174103366e+02,8.285039242888283297e+02,1.686215384777824511e+00,-1.224663941343351325e-01,-1.757999081852017014e+02,5.795420879326325121e+02,7.816047430496548714e+02,5.796445538030283160e+02,8.498806835323874793e+02,1.024658703958039041e-01,6.827594048273260796e+01,6.202640293108775040e+02,8.521372144996165616e+02,5.635916957166713246e+02,8.164742530465562140e+02,-5.667233359420617944e+01,-3.566296145306034759e+01,5.388201465543875202e+02,8.521372144996165616e+02,6.004486604325315966e+02,8.191568362875412959e+02,6.162851387814407644e+01,-3.298037821207526576e+01
9.000000000000000000e+00,0.000000000000000000e+00,-1.552508478562781233e-10,-1.047555484347057691e-10,-1.500108884344330572e-08,6.202640293108775040e+02,1.938341476333077651e+02,6.202886458352381851e+02,1.938499562479521217e+02,2.461652436068106908e-02,1.580861464435656671e-02,-1.799929264791515493e+02,6.202640293108775040e+02,1.468125000000000000e+02,6.202859835373296846e+02,2.152871610920086027e+02,2.195422645218059188e-02,6.847466109200860274e+01,6.609859706891224960e+02,2.173449714499616618e+02,6.017247936080617592e+02,1.831290754708735733e+02,-5.926117708106073678e+01,-3.421589597908808855e+01,5.795420879326325121e+02,2.173449714499616618e+02,6.388551603603228841e+02,1.831336321809741605e+02,5.931307242769037202e+01,-3.421133926898750133e+01
9.000000000000000000e+00,1.000000000000000000e+00,-9.396949299479279967e-09,-6.340587805077699106e-09,-4.416036053067550314e-07,6.202640293108775040e+02,2.408557952666155302e+02,6.202886428525084739e+02,2.408715973860874442e+02,2.461354163096984848e-02,1.580211947191401123e-02,1.254286802060012320e+02,6.202640293108775040e+02,2.878774428999233237e+02,6.202859805546304415e+02,2.623088022301438968e+02,2.195124375293744379e-02,-2.556864066977942684e+01,6.609859706891224960e+02,2.173449714499616334e+02,6.017247906253171550e+02,2.301507166090351575e+02,-5.926118006380534098e+01,1.280574515907352406e+01,5.795420879326325121e+02,2.173449714499616334e+02,6.388551573775782799e+02,2.301552733190831646e+02,5.931306944494576783e+01,1.281030186912153113e+01
9.000000000000000000e+00,2.000000000000000000e+00,-9.983298526409325853e-06,-6.736103010809569832e-06,-1.381447590907156433e-04,6.202640293108775040e+02,3.348990905332310604e+02,6.202886428525084739e+02,3.349148926527029744e+02,2.461354163096984848e-02,1.580211947191401123e-02,-1.799929264792325512e+02,6.202640293108775040e+02,2.878774428999233237e+02,6.202859805546304415e+02,3.563520974967594839e+02,2.195124375293744379e-02,6.847465459683616018e+01,6.609859706891224960e+02,3.584099143498849571e+02,6.017247906253171550e+02,3.241940118756507445e+02,-5.926118006380534098e+01,-3.421590247423421260e+01,5.795420879326325121e+02,3.584099143498849571e+02,6.388551573775782799e+02,3.241985685856986947e+02,5.931306944494576783e+01,-3.421134576418626239e+01
9.000000000000000000e+00,3.000000000000000000e+00,-1.752485418048420395e-04,-1.182393607854060171e-04,-1.468771965670239528e-03,6.202640293108775040e+02,3.819207381665389107e+02,6.202886428525084739e+02,3.819365402860107679e+02,2.461354163096984848e-02,1.580211947185716781e-02,1.254286802300684087e+02,6.202640293108775040e+02,4.289423857998466474e+02,6.202859805546304415e+02,4.033737451300672774e+02,2.195124375293744379e-02,-2.556864066977937000e+01,6.609859706891224960e+02,3.584099143498850140e+02,6.017247906253171550e+02,3.712156595089585380e+02,-5.926118006380534098e+01,1.280574515907352406e+01,5.795420879326325121e+02,3.584099143498850140e+02,6.388551573775782799e+02,3.712202162190065451e+02,5.931306944494576783e+01,1.281030186912153113e+01
9.000000000000000000e+00,4.000000000000000000e+00,-1.567947197664209397e-02,-1.056484761051644516e-02,-6.014956255792109491e-02,6.202640293108775040e+02,4.759640334331544409e+02,6.203209284331580875e+02,4.759645409025959566e+02,5.689912228058346955e-02,5.074694415156955074e-04,-1.797599834443724376e+02,6.202640293108775040e+02,4.289423857998466474e+02,6.202310639648093229e+02,4.974015523085133168e+02,-3.296534606818113389e-02,6.845916650866666942e+01,6.609859706891224960e+02,4.994748572498082808e+02,6.018009277031112561e+02,4.651683189889198502e+02,-5.918504298601123992e+01,-3.430653826088843061e+01,5.795420879326325121e+02,4.994748572498082808e+02,6.389307936315537972e+02,4.653237514103547596e+02,5.938870569892128515e+01,-3.415110583945352118e+01
9.000000000000000000e+00,5.000000000000000000e+00,-8.002836297146244393e-02,-5.370731585117901469e-02,-2.323927874771010427e-01,6.202640293108775040e+02,5.229856810664621207e+02,6.206577470850529608e+02,5.229606198862437623e+02,3.937177741754567251e-01,-2.506118021835845866e-02,4.607592210497699625e+01,6.202640293108775040e+02,5.700073286997699142e+02,6.203327683845639058e+02,5.443943999539673086e+02,6.873907368640175264e-02,-2.561292874580260559e+01,6.609859706891224960e+02,4.994748572498082808e+02,6.022620717629106366e+02,5.119664778051088092e+02,-5.872389892621185936e+01,1.249162055530052839e+01,5.795420879326325121e+02,4.994748572498082808e+02,6.393784011076843399e+02,5.125209818996552258e+02,5.983631317505182778e+01,1.304612464984694498e+01
9.000000000000000000e+00,6.000000000000000000e+00,-6.158250113663569225e-01,-3.900261704045733246e-01,-1.330859876511477413e+00,6.202640293108775040e+02,6.170289763330778214e+02,6.233366792225592690e+02,6.173800947077843375e+02,3.072649911681764934e+00,3.511183747065160787e-01,-1.753160889627300207e+02,6.202640293108775040e+02,5.700073286997700279e+02,6.215021421149488106e+02,6.387134373006422265e+02,1.238112804071306527e+00,6.870610860087219862e+01,6.609859706891224960e+02,6.405398001497317182e+02,6.059987509208344818e+02,6.052927730375970441e+02,-5.498721976828801417e+01,-3.524702711213467410e+01,5.795420879326325121e+02,6.405398001497317182e+02,6.425091446318940598e+02,6.081340737851139693e+02,6.296705669926154769e+01,-3.240572636461774891e+01
9.000000000000000000e+00,7.000000000000000000e+00,-9.463720228527265910e-01,-5.266379797797754447e-01,-2.139626200754834340e+00,6.202640293108775040e+02,6.640506239663855013e+02,6.246619603561518943e+02,6.646918305427429914e+02,4.397931045274390272e+00,6.412065763574901212e-01,2.385512171476979759e+01,6.202640293108775040e+02,7.110722715996932948e+02,6.219196322694238006e+02,6.859412321047677779e+02,1.655602958546296577e+00,-2.513103949492551692e+01,6.609859706891224960e+02,6.405398001497317182e+02,6.080714451010372841e+02,6.518871454128345704e+02,-5.291452558808521189e+01,1.134734526310285219e+01,5.795420879326325121e+02,6.405398001497317182e+02,6.439948036979943709e+02,6.562471141106268533e+02,6.445271576536185876e+01,1.570731396089513510e+01
9.000000000000000000e+00,8.000000000000000000e+00,-7.724171846526775020e-01,-5.274156301190680018e-02,-3.037303806239447734e+00,6.202640293108775040e+02,7.580939192330009746e+02,6.224572899841987237e+02,7.577134486130969435e+02,2.193260673321219656e+00,-3.804706199040310821e-01,-1.709976645296318623e+02,6.202640293108775040e+02,7.110722715996932948e+02,6.191341154170929713e+02,7.788827290635047120e+02,-1.129913893784532775e+00,6.781045746381141726e+01,6.609859706891224960e+02,7.816047430496548714e+02,6.058759729544798347e+02,7.442121582141157887e+02,-5.510999773464266127e+01,-3.739258483553908263e+01,5.795420879326325121e+02,7.816047430496548714e+02,6.423617815810234788e+02,7.500454585616703298e+02,6.281969364839096670e+01,-3.155928448798454156e+01
9.000000000000000000e+00,9.000000000000000000e+00,-4.327028616134147021e-01,1.538081693385004167e-01,-2.325799386484843634e+00,6.202640293108775040e+02,8.051155668663088818e+02,6.217670163136892825e+02,8.040532781836103595e+02,1.502987002811778439e+00,-1.062288682698522280e+00,-6.046466571632679177e+01,6.202640293108775040e+02,8.521372144996165616e+02,6.189751148714336750e+02,8.252771853812439531e+02,-1.288914439443828996e+00,-2.686002911837260854e+01,6.609859706891224960e+02,7.816047430496549850e+02,6.048241245559369190e+02,7.909500443775500571e+02,-5.616184613318557695e+01,9.345301327895072063e+00,5.795420879326325121e+02,7.816047430496549850e+02,6.415018095136972534e+02,7.959326047920370684e+02,6.195972158106474126e+01,1.432786174238208332e+01
1.000000000000000000e+01,0.000000000000000000e+00,-5.948161992460082225e-12,-4.013524472360966493e-12,-1.019421721516677417e-09,6.609859706891224960e+02,1.703233238166538968e+02,6.610110380493654247e+02,1.703214166185823046e+02,2.506736024292877119e-02,-1.907198071592119959e-03,5.165319191728749360e+01,6.609859706891224960e+02,2.173449714499616618e+02,6.610084971021378806e+02,1.917586465715125996e+02,2.252641301538460539e-02,-2.558632487844906223e+01,7.017079120673674879e+02,1.468125000000000000e+02,6.424471381404200656e+02,1.596006205128434203e+02,-5.926077392694742230e+01,1.278812051284342033e+01,6.202640293108775040e+02,1.468125000000000000e+02,6.795774789055386691e+02,1.596049827713909508e+02,5.931344959466116507e+01,1.279248277139095080e+01
1.000000000000000000e+01,1.000000000000000000e+00,-2.179141505572642299e-08,-1.470367070946391708e-08,-8.830458991863024705e-07,6.609859706891224960e+02,2.643666190832694269e+02,6.610110380493654247e+02,2.643647118851978348e+02,2.506736024292877119e-02,-1.907198071592119959e-03,-1.799932386781691207e+02,6.609859706891224960e+02,2.173449714499616618e+02,6.610084971021378806e+02,2.858019418381281298e+02,2.252641301538460539e-02,6.845697038816646796e+01,7.017079120673674879e+02,2.878774428999233237e+02,6.424471381404200656e+02,2.536439157794589505e+02,-5.926077392694742230e+01,-3.423352712046437318e+01,6.202640293108775040e+02,2.878774428999233237e+02,6.795774789055386691e+02,2.536482780380064810e+02,5.931344959466116507e+01,-3.422916486191684271e+01
1.000000000000000000e+01,2.000000000000000000e+00,-7.102628306259052067e-07,-4.792316940825527719e-07,-1.561043855776901324e-05,6.609859706891224960e+02,3.113882667165772204e+02,6.610110380493654247e+02,3.113863595185056283e+02,2.506736024292877119e-02,-1.907198071592119959e-03,5.165319190714227204e+01,6.609859706891224960e+02,3.584099143498850140e+02,6.610084971021378806e+02,3.328235894714359233e+02,2.252641301538460539e-02,-2.558632487844909065e+01,7.017079120673674879e+02,2.878774428999233237e+02,6.424471381404200656e+02,3.006655634127667440e+02,-5.926077392694742230e+01,1.278812051284342033e+01,6.202640293108775040e+02,2.878774428999233237e+02,6.795774789055386691e+02,3.006699256713142745e+02,5.931344959466116507e+01,1.279248277139095080e+01
1.000000000000000000e+01,3.000000000000000000e+00,-2.188811667716246748e-04,-1.475316058122596045e-04,-1.761639169632889940e-03,6.609859706891224960e+02,4.054315619831927506e+02,6.610110404058589211e+02,4.054296516956983396e+02,2.506971673642510723e-02,-1.910287494411022635e-03,-1.799932386782411413e+02,6.609859706891224960e+02,3.584099143498850140e+02,6.610084994586582070e+02,4.268668816486286346e+02,2.252876953571103513e-02,6.845696729874362063e+01,7.017079120673674879e+02,4.289423857998466474e+02,6.424471404969001469e+02,3.947088555899828179e+02,-5.926077157046734101e+01,-3.423353020986382944e+01,6.202640293108775040e+02,4.289423857998466474e+02,6.795774812620185230e+02,3.947132178484836231e+02,5.931345195114101898e+01,-3.422916795136302426e+01
1.000000000000000000e+01,4.000000000000000000e+00,-2.071376671213205015e-03,-1.390722117692339650e-03,-1.126001660072496052e-02,6.609859706891224960e+02,4.524532096165004873e+02,6.610119705081544907e+02,4.524509277005583954e+02,2.599981903199477529e-02,-2.281915942091927718e-03,5.017806316705208758e+01,6.609859706891224960e+02,4.994748572498082808e+02,6.609965244473071380e+02,4.738881521301781277e+02,1.055375818464199256e-02,-2.558670511963015315e+01,7.017079120673674879e+02,4.289423857998466474e+02,6.424545296729158963e+02,4.417189592851884754e+02,-5.925338239445159161e+01,1.277657348534182802e+01,6.202640293108775040e+02,4.289423857998466474e+02,6.795848574042406653e+02,4.417456716863086967e+02,5.932082809336316132e+01,1.280328588646204935e+01
1.000000000000000000e+01,5.000000000000000000e+00,-5.482234065029532172e-02,-3.409504424901345365e-02,-1.732680491016182767e-01,6.609859706891224960e+02,5.464965048831161312e+02,6.612539656622343500e+02,5.464674428559004582e+02,2.679949731118540512e-01,-2.906202721567296976e-02,-1.793539023088549982e+02,6.609859706891224960e+02,4.994748572498082808e+02,6.610111738616726598e+02,5.679028945802915587e+02,2.520317255016379931e-02,6.842803733048327786e+01,7.017079120673674879e+02,5.700073286997699142e+02,6.428137384653853132e+02,5.355413188329657714e+02,-5.889417360198217466e+01,-3.446600986680414280e+01,6.202640293108775040e+02,5.700073286997699142e+02,6.799369846596453044e+02,5.359581151544441582e+02,5.967295534876780039e+01,-3.404921354532575606e+01
1.000000000000000000e+01,6.000000000000000000e+00,-1.583190256253719230e-01,-7.929615078718781074e-02,-4.657746018124816478e-01,6.609859706891224960e+02,5.935181525164239247e+02,6.617032061453660390e+02,5.934181882102275267e+02,7.172354562435430125e-01,-9.996430619639795623e-02,3.067871308661022667e+01,6.609859706891224960e+02,6.405398001497317182e+02,6.610584295059159103e+02,6.148443595398418893e+02,7.245881679341437120e-02,-2.569544060988982892e+01,7.017079120673674879e+02,5.700073286997700279e+02,6.434862421386096685e+02,5.821563537435167746e+02,-5.822166992875781943e+01,1.214902504374674663e+01,6.202640293108775040e+02,5.700073286997700279e+02,6.805649467915727655e+02,5.832538513473239163e+02,6.030091748069526147e+01,1.324652264755388842e+01
1.000000000000000000e+01,7.000000000000000000e+00,-5.366423493715052340e-01,1.748776007433554824e-01,-2.769751119371476555e+00,6.609859706891224960e+02,6.875614477830395117e+02,6.626507342488877157e+02,6.865866091820064412e+02,1.664763559765219725e+00,-9.748386010330705176e-01,-1.714302275582456900e+02,6.609859706891224960e+02,6.405398001497317182e+02,6.595029263633339269e+02,7.077630226036275189e+02,-1.483044325788569040e+00,6.722322245389580075e+01,7.017079120673674879e+02,7.110722715996932948e+02,6.459282085455593005e+02,6.732036175022399220e+02,-5.577970352180818736e+01,-3.786865409745337274e+01,6.202640293108775040e+02,7.110722715996932948e+02,6.825210678377699196e+02,6.787931874401521100e+02,6.225703852689241558e+01,-3.227908415954118482e+01
1.000000000000000000e+01,8.000000000000000000e+00,-6.957256439595994602e-01,6.321156235078777552e-01,-5.029131116586793127e+00,6.609859706891224960e+02,7.345830954163471915e+02,6.602833265994693193e+02,7.355243066351237076e+02,-7.026440896531767066e-01,9.412112187765160343e-01,-1.258536601537895621e+02,6.609859706891224960e+02,7.816047430496549850e+02,6.573321028200580258e+02,7.567430863452370886e+02,-3.653867869064470142e+00,-2.486165670441789644e+01,7.017079120673674879e+02,7.110722715996934085e+02,6.433744199843117713e+02,7.223472972378370969e+02,-5.833349208305571665e+01,1.127502563814368841e+01,6.202640293108775040e+02,7.110722715996934085e+02,6.801434569940378196e+02,7.274825363222969372e+02,5.987942768316031561e+01,1.641026472260352875e+01
1.000000000000000000e+01,9.000000000000000000e+00,-4.445451052805205472e-01,6.998391519469153721e-01,-4.122119112064421387e+00,6.609859706891224960e+02,8.286263906829626649e+02,6.612572112364518944e+02,8.284722235440511895e+02,2.712405473293983960e-01,-1.541671389114753765e-01,-1.706911873927559782e+02,6.609859706891224960e+02,7.816047430496548714e+02,6.577905292808029571e+02,8.496265761871544555e+02,-3.195441408319538823e+00,6.802183313749958415e+01,7.017079120673674879e+02,8.521372144996165616e+02,6.446707425099339162e+02,8.148914622249779995e+02,-5.703716955743357175e+01,-3.724575227463856208e+01,6.202640293108775040e+02,8.521372144996165616e+02,6.813103619186190372e+02,8.208986322200211134e+02,6.104633260774153314e+01,-3.123858227959544820e+01
1.100000000000000000e+01,0.000000000000000000e+00,-1.379373367898207265e-11,-9.307306946338350225e-12,-2.038871430794625237e-09,7.017079120673674879e+02,1.938341476333077651e+02,7.017318021700511963e+02,1.938311555968525965e+02,2.389010268370839185e-02,-2.992036455168545217e-03,-1.799941083258558194e+02,7.017079120673674879e+02,1.468125000000000000e+02,7.017295884216763397e+02,2.152683870280663427e+02,2.167635430885184178e-02,6.845588702806634274e+01,7.424298534456124798e+02,2.173449714499616618e+02,6.831677377419814547e+02,1.831106389617794434e+02,-5.926211570363102510e+01,-3.423433248818221841e+01,6.609859706891224960e+02,2.173449714499616618e+02,7.202980803464961355e+02,1.831144408007120319e+02,5.931210965737363949e+01,-3.423053064924962996e+01
1.100000000000000000e+01,1.000000000000000000e+00,-8.348973637112428131e-10,-5.633380198200175033e-10,-5.999771418918298282e-08,7.017079120673674879e+02,2.408557952666155302e+02,7.017317743637411240e+02,2.408528185945420432e+02,2.386229637363612710e-02,-2.976672073486952286e-03,4.596638161660436595e+01,7.017079120673674879e+02,2.878774428999233237e+02,7.017295606167926962e+02,2.622900500257560452e+02,2.164854942520832992e-02,-2.558739287416727848e+01,7.424298534456124798e+02,2.173449714499616334e+02,6.831677099349573155e+02,2.301323019607038134e+02,-5.926214351065516439e+01,1.278733051074217997e+01,6.609859706891224960e+02,2.173449714499616334e+02,7.202980525394730194e+02,2.301361037971662995e+02,5.931208185035052338e+01,1.279113234720466608e+01
1.100000000000000000e+01,2.000000000000000000e+00,-8.870684422125857099e-07,-5.981609908395535358e-07,-1.873906909526369162e-05,7.017079120673674879e+02,3.348990905332310604e+02,7.017317743637411240e+02,3.348961138611575734e+02,2.386229637363612710e-02,-2.976672073486952286e-03,-1.799941083296681938e+02,7.017079120673674879e+02,2.878774428999233237e+02,7.017295606167926962e+02,3.563333452923716322e+02,2.164854942520832992e-02,6.845590239244830855e+01,7.424298534456124798e+02,3.584099143498849571e+02,6.831677099349573155e+02,3.241755972273193720e+02,-5.926214351065516439e+01,-3.423431712256558512e+01,6.609859706891224960e+02,3.584099143498849571e+02,7.202980525394730194e+02,3.241793990637818297e+02,5.931208185035052338e+01,-3.423051528610312744e+01
1.100000000000000000e+01,3.000000000000000000e+00,-1.558114132726845638e-05,-1.047648836929773297e-05,-1.989628009160894007e-04,7.017079120673674879e+02,3.819207381665389107e+02,7.017317743637411240e+02,3.819177614944654806e+02,2.386229637363612710e-02,-2.976672073430108867e-03,4.596638160850181265e+01,7.017079120673674879e+02,4.289423857998466474e+02,7.017295606167926962e+02,4.033549929256794258e+02,2.164854942520832992e-02,-2.558739287416722163e+01,7.424298534456124798e+02,3.584099143498850140e+02,6.831677099349573155e+02,3.711972448606271655e+02,-5.926214351065516439e+01,1.278733051074215155e+01,6.609859706891224960e+02,3.584099143498850140e+02,7.202980525394730194e+02,3.712010466970896800e+02,5.931208185035052338e+01,1.279113234720466608e+01
1.100000000000000000e+01,4.000000000000000000e+00,-1.419185158889444678e-03,-8.858414187816847363e-04,-8.224483102326752421e-03,7.017079120673674879e+02,4.759640334331544409e+02,7.017328280435185661e+02,4.759608794045893774e+02,2.491597615107821184e-02,-3.154028565063526912e-03,-1.799685658157063415e+02,7.017079120673674879e+02,4.289423857998466474e+02,7.017210567137669841e+02,4.973981073733475000e+02,1.314464639949619595e-02,6.845572157350085263e+01,7.424298534456124798e+02,4.994748572498082808e+02,6.831735468885652836e+02,4.652320888638881229e+02,-5.925630655704719629e+01,-3.424276838592015793e+01,6.609859706891224960e+02,4.994748572498082808e+02,7.203038805282233170e+02,4.652524419765326229e+02,5.931790983910082105e+01,-3.422241527327565791e+01
1.100000000000000000e+01,5.000000000000000000e+00,-7.662970354097147288e-03,-3.700608966963630890e-03,-3.443475720356607012e-02,7.017079120673674879e+02,5.229856810664621207e+02,7.017420725672691333e+02,5.229783602115824124e+02,3.416049990164538031e-02,-7.320854879708349472e-03,3.543895687694602259e+01,7.017079120673674879e+02,5.700073286997699142e+02,7.016922752424673035e+02,5.444155328388185353e+02,-1.563682490018436511e-02,-2.559179586095137893e+01,7.424298534456124798e+02,4.994748572498082808e+02,6.832018739467123396e+02,5.122166757613439358e+02,-5.922797949890014024e+01,1.274181851153565503e+01,6.609859706891224960e+02,4.994748572498082808e+02,7.203320685126279841e+02,5.123028720345844249e+02,5.934609782350548812e+01,1.282801478477614410e+01
1.100000000000000000e+01,6.000000000000000000e+00,-1.060053745120084767e-01,6.153527051361088601e-02,-6.104509885750046827e-01,7.017079120673674879e+02,6.170289763330778214e+02,7.019516653838420552e+02,6.165864759696470401e+02,2.437533164745673275e-01,-4.425003634307813627e-01,-1.777705695102297341e+02,7.017079120673674879e+02,5.700073286997700279e+02,7.011231159794865562e+02,6.380034156555848313e+02,-5.847960878809317364e-01,6.799608695581480333e+01,7.424298534456124798e+02,6.405398001497317182e+02,6.838204929052205898e+02,6.051514976114578985e+02,-5.860936054039189003e+01,-3.538830253827381966e+01,6.609859706891224960e+02,6.405398001497317182e+02,7.209113872668187923e+02,6.066045146418982767e+02,5.992541657769629637e+01,-3.393528550783344144e+01
1.100000000000000000e+01,7.000000000000000000e+00,-3.117336381216187502e-01,3.775623788507448397e-01,-2.454764894535424791e+00,7.017079120673674879e+02,6.640506239663855013e+02,7.025340298204425835e+02,6.624618232277540528e+02,8.261177530750956066e-01,-1.588800738631448439e+00,-1.147155262437986352e+02,7.017079120673674879e+02,7.110722715996932948e+02,6.996260089141258049e+02,6.836358496087660797e+02,-2.081903153241682958e+00,-2.743642199092721512e+01,7.424298534456124798e+02,6.405398001497317182e+02,6.856204585775669784e+02,6.492904798511248146e+02,-5.680939486804550143e+01,8.750679701393096366e+00,6.609859706891224960e+02,6.405398001497317182e+02,7.223556219696347398e+02,6.544591402233711506e+02,6.136965128051224383e+01,1.391934007363943238e+01
1.100000000000000000e+01,8.000000000000000000e+00,-1.030703275301837918e+00,1.779362789182387550e+00,-1.071658285727806259e+01,7.017079120673674879e+02,7.580939192330009746e+02,6.989278622530067651e+02,7.640715515656257821e+02,-2.780049814360722849e+00,5.977632332624807532e+00,1.707016856657363917e+02,7.017079120673674879e+02,7.110722715996932948e+02,7.024180757354890829e+02,7.849805170961730028e+02,7.101636681215950375e-01,7.390824549647970798e+01,7.424298534456124798e+02,7.816047430496548714e+02,6.788678369041749647e+02,7.565577867286829132e+02,-6.356201654143751512e+01,-2.504695632097195812e+01,6.609859706891224960e+02,7.816047430496548714e+02,7.154976741193563612e+02,7.506763508720215441e+02,5.451170343023386522e+01,-3.092839217763332726e+01
1.100000000000000000e+01,9.000000000000000000e+00,-9.558241382687060472e-01,1.712976397897226333e+00,-1.009762952830198302e+01,7.017079120673674879e+02,8.051155668663088818e+02,6.991403004593432797e+02,8.107928207380842878e+02,-2.567611608024208181e+00,5.677253871775405969e+00,-1.592471030569005563e+02,7.017079120673674879e+02,8.521372144996165616e+02,7.019216824973686926e+02,8.318180925887326111e+02,2.137704300012046588e-01,-2.031912191088395048e+01,7.424298534456124798e+02,7.816047430496549850e+02,6.793442077376803354e+02,8.026142910619651047e+02,-6.308564570793214443e+01,2.100954801231011970e+01,6.609859706891224960e+02,7.816047430496549850e+02,7.161550111429812659e+02,7.979460785635550337e+02,5.516904045385876998e+01,1.634133551390004868e+01
1.200000000000000000e+01,0.000000000000000000e+00,-2.845796364567707347e-13,-1.920191770260128857e-13,-8.321082079460367877e-11,7.424298534456123662e+02,1.703233238166538968e+02,7.424490508363576282e+02,1.703193661555603455e+02,1.919739074526205513e-02,-3.957661093551223530e-03,3.790283069671387750e+01,7.424298534456123662e+02,2.173449714499616618e+02,7.424432429077534152e+02,1.917565990830462965e+02,1.338946214104907995e-02,-2.558837236691536532e+01,7.831517948238572444e+02,1.468125000000000000e+02,7.238867782196316512e+02,1.595957290035971425e+02,-5.926501660422559326e+01,1.278322900359714254e+01,7.017079120673673742e+02,1.468125000000000000e+02,7.610171313816878182e+02,1.596057703800375975e+02,5.930921931432044403e+01,1.279327038003759753e+01
1.200000000000000000e+01,1.000000000000000000e+00,-1.042643307464673938e-09,-7.033161548478712921e-10,-7.204281143631198621e-08,7.424298534456123662e+02,2.643666190832694269e+02,7.424488865808220908e+02,2.643628220018774755e+02,1.903313520972460537e-02,-3.797081391951451224e-03,-1.799844914118245356e+02,7.424298534456123662e+02,2.173449714499616618e+02,7.424430787710182358e+02,2.858000549293866470e+02,1.322532540586962568e-02,6.845508347942498517e+01,7.831517948238572444e+02,2.878774428999233237e+02,7.238866139046717763e+02,2.536391849528106093e+02,-5.926518091918546816e+01,-3.423825794711271442e+01,7.017079120673673742e+02,2.878774428999233237e+02,7.610169670667764876e+02,2.536492261234351986e+02,5.930905499940911341e+01,-3.422821677648812511e+01
1.200000000000000000e+01,2.000000000000000000e+00,-3.399688198210629538e-08,-2.289687859229105141e-08,-1.272948631275422752e-06,7.424298534456123662e+02,3.113882667165772204e+02,7.424489504612274686e+02,3.113844379056506568e+02,1.909701561510246393e-02,-3.828810926563619432e-03,3.790291139170376766e+01,7.424298534456123662e+02,3.584099143498850140e+02,7.424431426633926776e+02,3.328216708331626705e+02,1.328921778031144640e-02,-2.558824351672234343e+01,7.831517948238572444e+02,2.878774428999233237e+02,7.238866777790938158e+02,3.006608008669501828e+02,-5.926511704476342857e+01,1.278335796702685911e+01,7.017079120673673742e+02,2.878774428999233237e+02,7.610170309411960261e+02,3.006708420168390603e+02,5.930911887382865189e+01,1.279339911691573661e+01
1.200000000000000000e+01,3.000000000000000000e+00,-1.061919949514330980e-05,-6.781354454241971209e-06,-1.437897682028958421e-04,7.424298534456123662e+02,4.054315619831927506e+02,7.424489538843764649e+02,4.054277352889939152e+02,1.910043876409872610e-02,-3.826694198835411953e-03,-1.799844914464013641e+02,7.424298534456123662e+02,3.584099143498850140e+02,7.424431460875077846e+02,4.268649682165060426e+02,1.329264189541845553e-02,6.845505386662102865e+01,7.831517948238572444e+02,4.289423857998466474e+02,7.238866812017597567e+02,3.947040982511306311e+02,-5.926511362209748768e+01,-3.423828754871601632e+01,7.017079120673673742e+02,4.289423857998466474e+02,7.610170343638617396e+02,3.947141393993449583e+02,5.930912229649436540e+01,-3.422824640050168910e+01
1.200000000000000000e+01,4.000000000000000000e+00,-1.056398587854695997e-04,-5.433931511273763668e-05,-9.406434752527172930e-04,7.424298534456123662e+02,4.524532096165004873e+02,7.424489538843764649e+02,4.524493829223016519e+02,1.910043876409872610e-02,-3.826694198835411953e-03,3.790291263048356285e+01,7.424298534456123662e+02,4.994748572498082808e+02,7.424431460875077846e+02,4.738866158498137793e+02,1.329264189541845553e-02,-2.558824139999450153e+01,7.831517948238572444e+02,4.289423857998466474e+02,7.238866812017597567e+02,4.417257458844384246e+02,-5.926511362209748768e+01,1.278336008459177719e+01,7.017079120673673742e+02,4.289423857998466474e+02,7.610170343638617396e+02,4.417357870326526950e+02,5.930912229649436540e+01,1.279340123280604757e+01
1.200000000000000000e+01,5.000000000000000000e+00,-5.381184290170705833e-03,3.481395521483810537e-03,-3.204721498490443327e-02,7.424298534456123662e+02,5.464965048831161312e+02,7.424519882951796035e+02,5.464860896195179976e+02,2.213484956723732466e-02,-1.041526359813360614e-02,-1.798753039188324578e+02,7.424298534456123662e+02,4.994748572498082808e+02,7.424053311108768867e+02,5.679232741973661405e+02,-2.452233473547948961e-02,6.844841694755785966e+01,7.831517948238572444e+02,5.700073286997699142e+02,7.239101935765538656e+02,5.357270947807126049e+02,-5.924160124730337884e+01,-3.428023391905730932e+01,7.017079120673673742e+02,5.700073286997699142e+02,7.610404401981081719e+02,5.358078998804753610e+02,5.933252813074079768e+01,-3.419942881929455325e+01
1.200000000000000000e+01,6.000000000000000000e+00,-3.384103730333971188e-02,4.483824933289059372e-02,-2.447776611138726410e-01,7.424298534456123662e+02,5.935181525164239247e+02,7.424524938399441680e+02,5.933032444018452907e+02,2.264039433180187189e-02,-2.149081145786340130e-01,-1.134875840195819734e+02,7.424298534456123662e+02,6.405398001497317182e+02,7.421135441797832755e+02,6.147363665805154369e+02,-3.163092658290906911e-01,-2.580343356921628128e+01,7.831517948238572444e+02,5.700073286997700279e+02,7.240596401229571484e+02,5.822915328583937935e+02,-5.909215470090009603e+01,1.228420415862376558e+01,7.017079120673673742e+02,5.700073286997700279e+02,7.611842972170921939e+02,5.828818337666265279e+02,5.947638514972481971e+01,1.287450506685649998e+01
1.200000000000000000e+01,7.000000000000000000e+00,-5.387981711073805968e-01,9.575449337509470693e-01,-5.406523632795307677e+00,7.424298534456123662e+02,6.875614477830395117e+02,7.418047937514036221e+02,6.892195222028943817e+02,-6.250596942087440766e-01,1.658074419854870030e+00,-1.729467717060669543e+02,7.424298534456123662e+02,6.405398001497317182e+02,7.391810492835201103e+02,7.104598658968692462e+02,-3.248804162092255865e+00,6.992006574713752798e+01,7.831517948238572444e+02,7.110722715996932948e+02,7.246928546293740965e+02,6.763161134153010607e+02,-5.845894019448314793e+01,-3.475615818439223403e+01,7.017079120673673742e+02,7.110722715996932948e+02,7.615404773413163184e+02,6.808825872965129520e+02,5.983256527394894420e+01,-3.018968430318034279e+01
1.200000000000000000e+01,8.000000000000000000e+00,-1.086225912440427877e+00,1.977628676147757059e+00,-1.169693919144683925e+01,7.424298534456123662e+02,7.345830954163471915e+02,7.396405107758109807e+02,7.412589885308198063e+02,-2.789342669801385455e+00,6.675893114472614798e+00,-1.632924307195161475e+02,7.424298534456123662e+02,7.816047430496549850e+02,7.442093791522620450e+02,7.619285118415593843e+02,1.779525706649678796e+00,-1.967623120809560078e+01,7.831517948238572444e+02,7.110722715996934085e+02,7.192178107535480649e+02,7.348095652024475157e+02,-6.393398407030917951e+01,2.373729360275410727e+01,7.017079120673673742e+02,7.110722715996934085e+02,7.554943424216228323e+02,7.270388885484525190e+02,5.378643035425545804e+01,1.596661694875911053e+01
1.200000000000000000e+01,9.000000000000000000e+00,-9.772011243740398312e-01,1.801168864652641810e+00,-1.050073731785163567e+01,7.424298534456123662e+02,8.286263906829626649e+02,7.398390222947816710e+02,8.346177673634149414e+02,-2.590831150830695151e+00,5.991376680452276560e+00,1.713677844564531938e+02,7.424298534456123662e+02,7.816047430496548714e+02,7.430785311439606176e+02,8.555625000000000000e+02,6.486776983482513970e-01,7.395775695034512864e+01,7.831517948238572444e+02,8.521372144996165616e+02,7.198690047544268964e+02,8.268793240435586540e+02,-6.328279006943034801e+01,-2.525789045605790761e+01,7.017079120673673742e+02,8.521372144996165616e+02,7.565695309859570443e+02,8.214114780466866250e+02,5.486161891858967010e+01,-3.072573645292993660e+01
1.300000000000000000e+01,0.000000000000000000e+00,-3.553737804050185870e-13,-2.397646129820384086e-13,-9.992489550007610171e-11,7.831517948238572444e+02,1.938341476333077651e+02,7.831749875126556617e+02,1.938331802880945816e+02,2.319268879841729358e-02,-9.673452131835347245e-04,-1.799903327892546372e+02,7.831517948238572444e+02,1.468125000000000000e+02,7.831713604473873147e+02,2.152704101784345880e+02,1.956562353007029742e-02,6.845791017843458803e+01,8.238737362021022363e+02,2.173449714499616618e+02,7.646116272712940827e+02,1.831114416663673126e+02,-5.926210893080815367e+01,-3.423352978359434928e+01,7.424298534456123662e+02,2.173449714499616618e+02,8.017419748192858151e+02,1.831176890194817872e+02,5.931212137367344894e+01,-3.422728243047987462e+01
1.300000000000000000e+01,1.000000000000000000e+00,-2.151331164762686960e-11,-1.450553352604907939e-11,-2.940026301394302971e-09,7.831517948238572444e+02,2.408557952666155302e+02,7.831749924239843494e+02,2.408548740988193799e+02,2.319760012710503361e-02,-9.211677961502573453e-04,5.571921975806517935e+01,7.831517948238572444e+02,2.878774428999233237e+02,7.831713653603796956e+02,2.622921039891601822e+02,1.957053652245122066e-02,-2.558533891076314148e+01,8.238737362021022363e+02,2.173449714499616334e+02,7.646116321817903554e+02,2.301331354785318126e+02,-5.926210402031188096e+01,1.278816402857017920e+01,7.424298534456123662e+02,2.173449714499616334e+02,8.017419797297827699e+02,2.301393828287661449e+02,5.931212628417040378e+01,1.279441137880451151e+01
1.300000000000000000e+01,2.000000000000000000e+00,-2.302448336840523115e-08,-1.509263660398249896e-08,-9.179328150605370828e-07,7.831517948238572444e+02,3.348990905332310604e+02,7.831749924239843494e+02,3.348981693654349101e+02,2.319760012710503361e-02,-9.211677961502573453e-04,-1.799903327937003326e+02,7.831517948238572444e+02,2.878774428999233237e+02,7.831713653603796956e+02,3.563353992557757124e+02,1.957053652245122066e-02,6.845795635585238870e+01,8.238737362021022363e+02,3.584099143498849571e+02,7.646116321817903554e+02,3.241764307451473996e+02,-5.926210402031188096e+01,-3.423348360473755747e+01,7.424298534456123662e+02,3.584099143498849571e+02,8.017419797297827699e+02,3.241826780953816751e+02,5.931212628417040378e+01,-3.422723625450328200e+01
1.300000000000000000e+01,3.000000000000000000e+00,-4.176994492514671955e-07,-2.397354419959594255e-07,-9.775863301497363811e-06,7.831517948238572444e+02,3.819207381665389107e+02,7.831749924239843494e+02,3.819198169987427605e+02,2.319760012710503361e-02,-9.211677961502573453e-04,5.571921978309310930e+01,7.831517948238572444e+02,4.289423857998466474e+02,7.831713653603796956e+02,4.033570468890835627e+02,1.957053652245122066e-02,-2.558533891076308464e+01,8.238737362021022363e+02,3.584099143498850140e+02,7.646116321817903554e+02,3.711980783784551932e+02,-5.926210402031188096e+01,1.278816402857017920e+01,7.424298534456123662e+02,3.584099143498850140e+02,8.017419797297827699e+02,3.712043257286895255e+02,5.931212628417040378e+01,1.279441137880451151e+01
1.300000000000000000e+01,4.000000000000000000e+00,-6.830281375148947556e-05,3.589349793360629043e-05,-5.434110570530632746e-04,7.831517948238572444e+02,4.759640334331544409e+02,7.831749924239843494e+02,4.759631122653582906e+02,2.319760012710503361e-02,-9.211677961502573453e-04,-1.799903327937003041e+02,7.831517948238572444e+02,4.289423857998466474e+02,7.831713653603796956e+02,4.974003421556990929e+02,1.957053652245122066e-02,6.845795635585244554e+01,8.238737362021022363e+02,4.994748572498082808e+02,7.646116321817903554e+02,4.652413736450707233e+02,-5.926210402031188096e+01,-3.423348360473755747e+01,7.424298534456123662e+02,4.994748572498082808e+02,8.017419797297827699e+02,4.652476209953050557e+02,5.931212628417040378e+01,-3.422723625450322515e+01
1.300000000000000000e+01,5.000000000000000000e+00,-8.478887116428599673e-04,1.107662428588188737e-03,-5.415985081386139044e-03,7.831517948238572444e+02,5.229856810664621207e+02,7.831749849565187560e+02,5.229847046809853737e+02,2.319013266151159769e-02,-9.763854767470547813e-04,5.556016450363295434e+01,7.831517948238572444e+02,5.700073286997699142e+02,7.831701482671046506e+02,5.444219343643355842e+02,1.835344324740617594e-02,-2.558539433543433006e+01,8.238737362021022363e+02,4.994748572498082808e+02,7.646122297474823881e+02,5.122619185536057103e+02,-5.926150645461984823e+01,1.278706130379742945e+01,7.424298534456123662e+02,4.994748572498082808e+02,8.017425768549692293e+02,5.122702611250147129e+02,5.931272340935686316e+01,1.279540387520643208e+01
1.300000000000000000e+01,6.000000000000000000e+00,-6.162672381358688667e-02,1.104904897397514796e-01,-5.221499123240868068e-01,7.831517948238572444e+02,6.170289763330778214e+02,7.831252451891045894e+02,6.165241471373394688e+02,-2.654963475265503803e-02,-5.048291957383526096e-01,-1.780887090723597623e+02,7.831517948238572444e+02,5.700073286997700279e+02,7.824139306446868432e+02,6.379403385357275056e+02,-7.378641791704012576e-01,6.793300983595747766e+01,8.238737362021022363e+02,6.405398001497317182e+02,7.649271935191690091e+02,6.051939924680420972e+02,-5.894654268293322730e+01,-3.534580768168962095e+01,7.424298534456123662e+02,6.405398001497317182e+02,8.020346114034580296e+02,6.064381104082489173e+02,5.960475795784566344e+01,-3.410168974148280086e+01
1.300000000000000000e+01,7.000000000000000000e+00,-2.682605258714350072e-01,4.909068128784914165e-01,-2.581820939605417031e+00,7.831517948238572444e+02,6.640506239663855013e+02,7.837354323009881227e+02,6.622275178673675100e+02,5.836374771308783238e-01,-1.823106099017991255e+00,-1.365934804043357076e+02,7.831517948238572444e+02,7.110722715996932948e+02,7.807170859928669415e+02,6.833688601284619608e+02,-2.434708830990302886e+00,-2.770341147123133396e+01,8.238737362021022363e+02,6.405398001497317182e+02,7.668792037309638090e+02,6.489894762839653595e+02,-5.699453247113842735e+01,8.449676134233641278e+00,7.424298534456123662e+02,6.405398001497317182e+02,8.036100071791333903e+02,6.543242171896752097e+02,6.118015373352102415e+01,1.378441703994349155e+01
1.300000000000000000e+01,8.000000000000000000e+00,-1.122055231334329495e+00,2.071434010536872261e+00,-1.220516661219343924e+01,7.831517948238572444e+02,7.580939192330009746e+02,7.803746724962638837e+02,7.651158191626568623e+02,-2.777122327593360751e+00,7.021899929655887718e+00,1.662220706011204641e+02,7.831517948238572444e+02,7.110722715996932948e+02,7.854816455283755658e+02,7.856443418113893813e+02,2.329850704518321436e+00,7.457207021169608652e+01,8.238737362021022363e+02,7.816047430496548714e+02,7.597905130049236959e+02,7.592096731328726946e+02,-6.408322319717854043e+01,-2.239506991678217673e+01,7.424298534456123662e+02,7.816047430496548714e+02,7.958518589554919345e+02,7.504934425437085110e+02,5.342200550987956831e+01,-3.111130050594636032e+01
1.300000000000000000e+01,9.000000000000000000e+00,-1.068383747220772451e+00,1.974040518264321031e+00,-1.157846602533433078e+01,7.831517948238572444e+02,8.051155668663088818e+02,7.804020299036881170e+02,8.117625666188394007e+02,-2.749764920169127436e+00,6.646999752530518890e+00,-1.636256746341138069e+02,7.831517948238572444e+02,8.521372144996165616e+02,7.848395091883214718e+02,8.324602317208477871e+02,1.687714364464227401e+00,-1.967698277876877455e+01,8.238737362021022363e+02,7.816047430496549850e+02,7.600205799092530015e+02,8.051867705883180406e+02,-6.385315629284923489e+01,2.358202753866305557e+01,7.424298534456123662e+02,7.816047430496549850e+02,7.963460006134901050e+02,7.976406975473527154e+02,5.391614716787773887e+01,1.603595449769773040e+01
1.400000000000000000e+01,0.000000000000000000e+00,-3.948135886820541330e-15,-2.663438613705876051e-15,-2.448798075850374714e-12,8.238737362021022363e+02,1.703233238166538968e+02,8.238954574543547551e+02,1.703227719721229789e+02,2.172125225251875236e-02,-5.518445309178332536e-04,5.721551986484355723e+01,8.238737362021022363e+02,2.173449714499616618e+02,8.238930870107860756e+02,1.917600024950789361e+02,1.935080868383920460e-02,-2.558496895488272571e+01,8.645956775803472283e+02,1.468125000000000000e+02,8.053314664155454921e+02,1.596021193089440544e+02,-5.926421116480173623e+01,1.278961930894405441e+01,7.831517948238572444e+02,1.468125000000000000e+02,8.424618189367324703e+02,1.596061941123459746e+02,5.931002411287522591e+01,1.279369411234597464e+01
1.400000000000000000e+01,1.000000000000000000e+00,-1.450691804480815871e-11,-9.678256120734660726e-12,-2.119744125640755231e-09,8.238737362021022363e+02,2.643666190832694269e+02,8.238954246782402606e+02,2.643660167856482985e+02,2.168847613802427077e-02,-6.022976211284003512e-04,-1.799936882945773107e+02,8.238737362021022363e+02,2.173449714499616618e+02,8.238930542253076510e+02,2.858032473086042273e+02,1.931802320541464724e-02,6.845827585864256548e+01,8.645956775803472283e+02,2.878774428999233237e+02,8.053314336441117121e+02,2.536453641143571645e+02,-5.926424393623551623e+01,-3.423207878556615924e+01,7.831517948238572444e+02,2.878774428999233237e+02,8.424617861653014188e+02,2.536494389339835038e+02,5.930999134144417440e+01,-3.422800396593981986e+01
1.400000000000000000e+01,2.000000000000000000e+00,-4.803382190176673420e-10,-3.015397899010024248e-10,-3.745725053420889261e-08,8.238737362021022363e+02,3.113882667165772204e+02,8.238954002923931057e+02,3.113876747825072471e+02,2.166409029086935334e-02,-5.919340699733766087e-04,5.721551818396230971e+01,8.238737362021022363e+02,3.584099143498850140e+02,8.238930298383181707e+02,3.328249053054631759e+02,1.929363621593438438e-02,-2.558500904442183810e+01,8.645956775803472283e+02,2.878774428999233237e+02,8.053314092588357198e+02,3.006670221102266964e+02,-5.926426832151150847e+01,1.278957921030337275e+01,7.831517948238572444e+02,2.878774428999233237e+02,8.424617617800251992e+02,3.006710969318319258e+02,5.930996695616795478e+01,1.279365403190860206e+01
1.400000000000000000e+01,3.000000000000000000e+00,-2.259429996708485027e-07,5.131354500090323754e-08,-4.436900785166032455e-06,8.238737362021022363e+02,4.054315619831927506e+02,8.238954002923931057e+02,4.054309700491228341e+02,2.166409029086935334e-02,-5.919340699165331898e-04,-1.799936882915239948e+02,8.238737362021022363e+02,3.584099143498850140e+02,8.238930298383181707e+02,4.268682005720787629e+02,1.929363621593438438e-02,6.845828622219374893e+01,8.645956775803472283e+02,4.289423857998466474e+02,8.053314092588357198e+02,3.947103173768422266e+02,-5.926426832151150847e+01,-3.423206842300442077e+01,7.831517948238572444e+02,4.289423857998466474e+02,8.424617617800251992e+02,3.947143921984475128e+02,5.930996695616795478e+01,-3.422799360139913460e+01
1.400000000000000000e+01,4.000000000000000000e+00,-4.934912204550458526e-06,5.661310620438654959e-06,-4.035628394235850813e-05,8.238737362021022363e+02,4.524532096165004873e+02,8.238954002923931057e+02,4.524526176824305708e+02,2.166409029086935334e-02,-5.919340699165331898e-04,5.721551822461787395e+01,8.238737362021022363e+02,4.994748572498082808e+02,8.238930298383181707e+02,4.738898482053864427e+02,1.929363621593438438e-02,-2.558500904442183810e+01,8.645956775803472283e+02,4.289423857998466474e+02,8.053314092588357198e+02,4.417319650101499633e+02,-5.926426832151150847e+01,1.278957921030331590e+01,7.831517948238572444e+02,4.289423857998466474e+02,8.424617617800251992e+02,4.417360398317552495e+02,5.930996695616795478e+01,1.279365403190860206e+01
1.400000000000000000e+01,5.000000000000000000e+00,-1.531260913838425504e-03,2.741575291927994366e-03,-9.775126197331736322e-03,8.238737362021022363e+02,5.464965048831161312e+02,8.238959931107538068e+02,5.464843485005159209e+02,2.225690865157048393e-02,-1.215638260021023598e-02,-1.799564775130205589e+02,8.238737362021022363e+02,4.994748572498082808e+02,8.238797084458849440e+02,5.679215778196596602e+02,5.972243782707664650e-03,6.844672056985137942e+01,8.645956775803472283e+02,5.700073286997699142e+02,8.053389753599228698e+02,5.357516321615651123e+02,-5.925670222042435853e+01,-3.425569653820480198e+01,7.831517948238572444e+02,5.700073286997699142e+02,8.424692955264533794e+02,5.357798355203228766e+02,5.931750070259613494e+01,-3.422749317944703762e+01
1.400000000000000000e+01,6.000000000000000000e+00,-1.432890814664065753e-02,2.624806357640509236e-02,-1.085872793573691708e-01,8.238737362021022363e+02,5.935181525164239247e+02,8.238787727355570496e+02,5.934063990567462952e+02,5.036533454813252320e-03,-1.117534596776295075e-01,-1.171526507011682270e+02,8.238737362021022363e+02,6.405398001497317182e+02,8.237262697981693691e+02,6.148426866173720100e+02,-1.474664039328672516e-01,-2.569711353235970819e+01,8.645956775803472283e+02,5.700073286997700279e+02,8.053904354812975726e+02,5.825557566044170699e+02,-5.920524209904965574e+01,1.254842790464704194e+01,7.831517948238572444e+02,5.700073286997700279e+02,8.425196129272039798e+02,5.828207539484499193e+02,5.936781810334673537e+01,1.281342524867989141e+01
1.400000000000000000e+01,7.000000000000000000e+00,-2.780397797150775396e-01,5.135549466662312490e-01,-2.693897723487081564e+00,8.238737362021022363e+02,6.875614477830395117e+02,8.244738848024512663e+02,6.857563546345521672e+02,6.001486003490299481e-01,-1.805093148487344479e+00,-1.715801870096909454e+02,8.238737362021022363e+02,6.405398001497317182e+02,8.213704238234683999e+02,7.068886505556052953e+02,-2.503312378633836488e+00,6.634885040587357707e+01,8.645956775803472283e+02,7.110722715996932948e+02,8.076700601282163916e+02,6.724519450633684983e+02,-5.692561745213083668e+01,-3.862032653632479651e+01,7.831517948238572444e+02,7.110722715996932948e+02,8.443811704556690074e+02,6.779284682846829355e+02,6.122937563181176301e+01,-3.314380331501035926e+01
1.400000000000000000e+01,8.000000000000000000e+00,-5.702007029457086817e-01,1.053864926142585423e+00,-5.865634529657368645e+00,8.238737362021022363e+02,7.345830954163471915e+02,8.229821286239841811e+02,7.368338149510744870e+02,-8.916075781180552440e-01,2.250719534727295468e+00,-1.589847204620699586e+02,8.238737362021022363e+02,7.816047430496549850e+02,8.208165722635806105e+02,7.581003348552073930e+02,-3.057163938521625823e+00,-2.350440819444759200e+01,8.645956775803472283e+02,7.110722715996934085e+02,8.055975826384581069e+02,7.243059282507571197e+02,-5.899809494188912140e+01,1.323365665106371125e+01,7.831517948238572444e+02,7.110722715996934085e+02,8.425322309699138259e+02,7.280951817472587209e+02,5.938043614605658149e+01,1.702291014756531240e+01
1.400000000000000000e+01,9.000000000000000000e+00,-5.174830380968239441e-01,9.567385390457371352e-01,-5.280933882917254962e+00,8.238737362021022363e+02,8.286263906829626649e+02,8.233579699730780703e+02,8.301463863849390918e+02,-5.157662290241660230e-01,1.519995701976426972e+00,-1.726418949586219753e+02,8.238737362021022363e+02,7.816047430496548714e+02,8.206189637426402896e+02,8.513776640042394774e+02,-3.254772459461946710e+00,6.977292095458460608e+01,8.645956775803472283e+02,8.521372144996165616e+02,8.063156600338202225e+02,8.171508464551990301e+02,-5.828001754652700583e+01,-3.498636804441753156e+01,7.831517948238572444e+02,8.521372144996165616e+02,8.431392861427736989e+02,8.219106486953785407e+02,5.998749131891645447e+01,-3.022656580423802097e+01
1.500000000000000000e+01,0.000000000000000000e+00,-2.657010109883733872e-15,-1.786899393492933716e-15,-1.765608723817715009e-12,8.645956775803472283e+02,1.938341476333077651e+02,8.646153209946094194e+02,1.938310430447458543e+02,1.964341426219107234e-02,-3.104588561910759381e-03,-1.799997049100682602e+02,8.645956775803472283e+02,1.468125000000000000e+02,8.646152044954369558e+02,2.152682761814028822e+02,1.952691508972748125e-02,6.845577618140288223e+01,9.053176189585922202e+02,2.173449714499616618e+02,8.460502021680331382e+02,1.831123361354763972e+02,-5.926741679055908207e+01,-3.423263531448526464e+01,8.238737362021022363e+02,2.173449714499616618e+02,8.831805563203581642e+02,1.831125168173582551e+02,5.930682011825592781e+01,-3.423245463260340671e+01
1.500000000000000000e+01,1.000000000000000000e+00,-1.617122768691080459e-13,-1.065070205661179622e-13,-5.194578913843767551e-11,8.645956775803472283e+02,2.408557952666155302e+02,8.646153764861946911e+02,2.408527088054465253e+02,1.969890584746281093e-02,-3.086461169004905969e-03,4.276555706495709330e+01,8.645956775803472283e+02,2.878774428999233237e+02,8.646152600090940723e+02,2.622899419421038374e+02,1.958242874684401613e-02,-2.558750095781948630e+01,9.053176189585922202e+02,2.173449714499616334e+02,8.460502576485901045e+02,2.301340019152943057e+02,-5.926736131000211572e+01,1.278903046533267229e+01,8.238737362021022363e+02,2.173449714499616334e+02,8.831806118008998965e+02,2.301341825589414611e+02,5.930687559879766013e+01,1.278921110897982771e+01
1.500000000000000000e+01,2.000000000000000000e+00,-2.139621796629879247e-10,-3.515513894581162084e-11,-1.627300189182218986e-08,8.645956775803472283e+02,3.348990905332310604e+02,8.646153764861946911e+02,3.348960040720620555e+02,1.969890584746281093e-02,-3.086461169004905969e-03,-1.799997049690641688e+02,8.645956775803472283e+02,2.878774428999233237e+02,8.646152600090940723e+02,3.563332372087193676e+02,1.958242874684401613e-02,6.845579430879604388e+01,9.053176189585922202e+02,3.584099143498849571e+02,8.460502576485901045e+02,3.241772971819098643e+02,-5.926736131000211572e+01,-3.423261716797509280e+01,8.238737362021022363e+02,3.584099143498849571e+02,8.831806118008998965e+02,3.241774778255569913e+02,5.930687559879766013e+01,-3.423243652432796580e+01
1.500000000000000000e+01,3.000000000000000000e+00,-7.107711126963563821e-09,5.581791363605483705e-09,-1.808053052960918328e-07,8.645956775803472283e+02,3.819207381665389107e+02,8.646153764861946911e+02,3.819176517053698490e+02,1.969890584746281093e-02,-3.086461169061749388e-03,4.276555724254573221e+01,8.645956775803472283e+02,4.289423857998466474e+02,8.646152600090940723e+02,4.033548848420271611e+02,1.958242874684401613e-02,-2.558750095781948630e+01,9.053176189585922202e+02,3.584099143498850140e+02,8.460502576485901045e+02,3.711989448152177147e+02,-5.926736131000211572e+01,1.278903046533270071e+01,8.238737362021022363e+02,3.584099143498850140e+02,8.831806118008998965e+02,3.711991254588648417e+02,5.930687559879766013e+01,1.278921110897982771e+01
1.500000000000000000e+01,4.000000000000000000e+00,-8.273532797563428454e-06,1.462235535052597696e-05,-3.946682453096982509e-05,8.645956775803472283e+02,4.759640334331544409e+02,8.646153764861946911e+02,4.759609469719854360e+02,1.969890584746281093e-02,-3.086461169004905969e-03,-1.799997049690641688e+02,8.645956775803472283e+02,4.289423857998466474e+02,8.646152600090940723e+02,4.973981801086426913e+02,1.958242874684401613e-02,6.845579430879604388e+01,9.053176189585922202e+02,4.994748572498082808e+02,8.460502576485901045e+02,4.652422400818332449e+02,-5.926736131000211572e+01,-3.423261716797503595e+01,8.238737362021022363e+02,4.994748572498082808e+02,8.831806118008998965e+02,4.652424207254803719e+02,5.930687559879766013e+01,-3.423243652432790896e+01
1.500000000000000000e+01,5.000000000000000000e+00,-1.654029464409347786e-04,3.023905452021079980e-04,-8.827367786269636448e-04,8.645956775803472283e+02,5.229856810664621207e+02,8.646153764861946911e+02,5.229825946052931158e+02,1.969890584746281093e-02,-3.086461169004905969e-03,4.276555715866538776e+01,8.645956775803472283e+02,5.700073286997699142e+02,8.646152600090940723e+02,5.444198277419504848e+02,1.958242874684401613e-02,-2.558750095781942946e+01,9.053176189585922202e+02,4.994748572498082808e+02,8.460502576485901045e+02,5.122638877151409815e+02,-5.926736131000211572e+01,1.278903046533270071e+01,8.238737362021022363e+02,4.994748572498082808e+02,8.831806118008998965e+02,5.122640683587881085e+02,5.930687559879766013e+01,1.278921110897982771e+01
1.500000000000000000e+01,6.000000000000000000e+00,-1.486119121354600829e-02,2.745225836813677822e-02,-1.129115593392602812e-01,8.645956775803472283e+02,6.170289763330778214e+02,8.645987257674757984e+02,6.169125240168943947e+02,3.048187128570134519e-03,-1.164523161834267739e-01,-1.795763482489684009e+02,8.645956775803472283e+02,5.700073286997700279e+02,8.644404815543714449e+02,6.383487256357557271e+02,-1.551960259757834137e-01,6.834139693598569920e+01,9.053176189585922202e+02,6.405398001497317182e+02,8.461132971133758929e+02,6.060569266470541834e+02,-5.920432184521632735e+01,-3.448287350267753482e+01,8.238737362021022363e+02,6.405398001497317182e+02,8.832423986346800575e+02,6.063319197678733872e+02,5.936866243257782116e+01,-3.420788038185833102e+01
1.500000000000000000e+01,7.000000000000000000e+00,-6.563218423795243173e-02,1.213146019381850099e-01,-5.640552927385071857e-01,8.645956775803472283e+02,6.640506239663855013e+02,8.645632695990684624e+02,6.635002910931580118e+02,-3.240798127876587387e-02,-5.503328732274894719e-01,-1.398865608515463350e+02,8.645956775803472283e+02,7.110722715996932948e+02,8.637957962892996875e+02,6.849127672053672313e+02,-7.998812910475407989e-01,-2.615950439432606345e+01,9.053176189585922202e+02,6.405398001497317182e+02,8.463950988054054960e+02,6.521225277171747621e+02,-5.892252015318672420e+01,1.158272756744304388e+01,8.238737362021022363e+02,6.405398001497317182e+02,8.834989137025002037e+02,6.534655783569320420e+02,5.962517750039796738e+01,1.292577820720032378e+01
1.500000000000000000e+01,8.000000000000000000e+00,-2.762356515793027434e-01,5.107305243027164821e-01,-2.675502332693563190e+00,8.645956775803472283e+02,7.580939192330009746e+02,8.651990629737574636e+02,7.562868481445291309e+02,6.033853934102353378e-01,-1.807071088471843723e+00,-1.716148520986126584e+02,8.645956775803472283e+02,7.110722715996932948e+02,8.621089508698007648e+02,7.774206415774863217e+02,-2.486726710546463437e+00,6.634836997779302692e+01,9.053176189585922202e+02,7.816047430496548714e+02,8.483872047156746703e+02,7.429923997530174802e+02,-5.693041424291754993e+01,-3.861234329663739118e+01,8.238737362021022363e+02,7.816047430496548714e+02,8.851010333357967284e+02,7.484475031030834771e+02,6.122729713369449200e+01,-3.315723994657139428e+01
1.500000000000000000e+01,9.000000000000000000e+00,-2.631824486701756505e-01,4.866091537626266450e-01,-2.538815799756486413e+00,8.645956775803472283e+02,8.051155668663088818e+02,8.651758310560535392e+02,8.032763918325888426e+02,5.801534757063109282e-01,-1.839175033720039210e+00,-1.363346400715822710e+02,8.645956775803472283e+02,8.521372144996165616e+02,8.621930161783698168e+02,8.244206567871688094e+02,-2.402661401977411515e+00,-2.771655771244775224e+01,9.053176189585922202e+02,7.816047430496549850e+02,8.482979863157963791e+02,7.900659154124411998e+02,-5.701963264279584109e+01,8.461172362786214762e+00,8.238737362021022363e+02,7.816047430496549850e+02,8.850364906739946491e+02,7.953426032981565186e+02,6.116275447189241277e+01,1.373786024850153353e+01
1.600000000000000000e+01,0.000000000000000000e+00,-1.590665532856289729e-17,-1.066801475698988607e-17,-2.597959869331363054e-14,9.053176189585922202e+02,1.703233238166538968e+02,9.053260778619173834e+02,1.703219690766798635e+02,8.458903325163191766e-03,-1.354739974033236649e-03,4.305619203655533767e+01,9.053176189585922202e+02,2.173449714499616618e+02,9.053261515533765760e+02,1.917592041677414727e+02,8.532594784355751472e-03,-2.558576728222018914e+01,9.460395603368372122e+02,1.468125000000000000e+02,8.867608528646862851e+02,1.596034172411900158e+02,-5.927870747215092706e+01,1.279091724119001583e+01,8.645956775803472283e+02,1.468125000000000000e+02,9.238912291676892892e+02,1.596032858211081020e+02,5.929555158734206088e+01,1.279078582110810203e+01
1.600000000000000000e+01,1.000000000000000000e+00,-6.318148981874620530e-14,-3.000887858083121927e-14,-2.249000480797570862e-11,9.053176189585922202e+02,2.643666190832694269e+02,9.053259093656010918e+02,2.643652966386269441e+02,8.290407008871625294e-03,-1.322444642482878407e-03,1.799998055309754932e+02,9.053176189585922202e+02,2.173449714499616618e+02,9.053259810339875457e+02,2.858025317296014691e+02,8.362075395325518912e-03,6.845756027963980728e+01,9.460395603368372122e+02,2.878774428999233237e+02,8.867606853806066738e+02,2.536467430516332229e+02,-5.927887495623053837e+01,-3.423069984829010082e+01,8.645956775803472283e+02,2.878774428999233237e+02,9.238910616822092834e+02,2.536466151346460833e+02,5.929538410186205510e+01,-3.423082776527724036e+01
1.600000000000000000e+01,2.000000000000000000e+00,-2.919693885131373440e-12,6.128632224090131599e-13,-3.983133441051458845e-10,9.053176189585922202e+02,3.113882667165772204e+02,9.053259483460253705e+02,3.113868974236981444e+02,8.329387433150259312e-03,-1.369292879076056124e-03,4.305470841358233258e+01,9.053176189585922202e+02,3.584099143498850140e+02,9.053260200135939613e+02,3.328241325146725558e+02,8.401055001741042361e-03,-2.558578183521245819e+01,9.460395603368372122e+02,2.878774428999233237e+02,8.867607243614395429e+02,3.006683438359966658e+02,-5.927883597539766924e+01,1.279090093607334211e+01,8.645956775803472283e+02,2.878774428999233237e+02,9.238911006630423799e+02,3.006682159204252685e+02,5.929542308269515161e+01,1.279077302050194476e+01
1.600000000000000000e+01,3.000000000000000000e+00,-9.824707926303079375e-09,1.669162319610848630e-08,-6.603679956425092811e-08,9.053176189585922202e+02,4.054315619831927506e+02,9.053259092230116494e+02,4.054302130301936131e+02,8.290264419429149712e-03,-1.348952999137509323e-03,1.799998055347659545e+02,9.053176189585922202e+02,3.584099143498850140e+02,9.053259808899797463e+02,4.268674481211679677e+02,8.361931387526055914e-03,6.845753377128295369e+01,9.460395603368372122e+02,4.289423857998466474e+02,8.867606852387264098e+02,3.947116594419720741e+02,-5.927887509811080236e+01,-3.423072635787457330e+01,8.645956775803472283e+02,4.289423857998466474e+02,9.238910615403292468e+02,3.947115315274409113e+02,5.929538395998201850e+01,-3.423085427240573608e+01
1.600000000000000000e+01,4.000000000000000000e+00,-4.132557511509490813e-07,7.501710965109485961e-07,-1.576112299167901066e-06,9.053176189585922202e+02,4.524532096165004873e+02,9.053259092230116494e+02,4.524518606635013498e+02,8.290264419429149712e-03,-1.348952999137509323e-03,4.305471141147088332e+01,9.053176189585922202e+02,4.994748572498082808e+02,9.053259808899797463e+02,4.738890957544757043e+02,8.361931387526055914e-03,-2.558576149533257649e+01,9.460395603368372122e+02,4.289423857998466474e+02,8.867606852387264098e+02,4.417333070752798108e+02,-5.927887509811080236e+01,1.279092127543316337e+01,8.645956775803472283e+02,4.289423857998466474e+02,9.238910615403292468e+02,4.417331791607486480e+02,5.929538395998201850e+01,1.279079336090200059e+01
1.600000000000000000e+01,5.000000000000000000e+00,-1.713245633358809422e-04,3.164151323282199000e-04,-9.006618163619125065e-04,9.053176189585922202e+02,5.464965048831161312e+02,9.053259092230116494e+02,5.464951559301169937e+02,8.290264419429149712e-03,-1.348952999137509323e-03,1.799998055347660397e+02,9.053176189585922202e+02,4.994748572498082808e+02,9.053259808899797463e+02,5.679323910210912345e+02,8.361931387526055914e-03,6.845753377128295369e+01,9.460395603368372122e+02,5.700073286997699142e+02,8.867606852387264098e+02,5.357766023418953409e+02,-5.927887509811080236e+01,-3.423072635787457330e+01,8.645956775803472283e+02,5.700073286997699142e+02,9.238910615403292468e+02,5.357764744273642918e+02,5.929538395998201850e+01,-3.423085427240562240e+01
1.600000000000000000e+01,6.000000000000000000e+00,-1.629154504767712499e-03,3.011287621083679356e-03,-1.029909286423787325e-02,9.053176189585922202e+02,5.935181525164239247e+02,9.053269524043193996e+02,5.935149528239624033e+02,9.333445727179423557e-03,-3.199692461521408404e-03,2.312990658477976424e+01,9.053176189585922202e+02,6.405398001497317182e+02,9.053138460990537624e+02,6.149521841607840997e+02,-3.772859538457851158e-03,-2.558761598894761846e+01,9.460395603368372122e+02,5.700073286997700279e+02,8.867683221833067364e+02,5.827849882789969342e+02,-5.927123815353047576e+01,1.277765957922690632e+01,8.645956775803472283e+02,5.700073286997700279e+02,9.238986889305977002e+02,5.828076860321059485e+02,5.930301135025047188e+01,1.280035733233592055e+01
1.600000000000000000e+01,7.000000000000000000e+00,-3.179758168025569737e-02,5.879098327640863708e-02,-2.572630216199737196e-01,9.053176189585922202e+02,6.875614477830395117e+02,9.053009793918854484e+02,6.873076934906644055e+02,-1.663956670677180227e-02,-2.537542923751061608e-01,-1.790465524711729870e+02,9.053176189585922202e+02,6.405398001497317182e+02,9.049452983971925732e+02,7.087396095079375300e+02,-3.723205613996469765e-01,6.819980935820581180e+01,9.460395603368372122e+02,7.110722715996932948e+02,8.869165768289421976e+02,6.762819537459662342e+02,-5.912298350789501455e+01,-3.479031785372706054e+01,8.645956775803472283e+02,7.110722715996932948e+02,9.240410629495218018e+02,6.769015172180895661e+02,5.944538536917457350e+01,-3.417075438160372869e+01
1.600000000000000000e+01,8.000000000000000000e+00,-6.523953094301787603e-02,1.206249667569345430e-01,-5.603561261809256733e-01,9.053176189585922202e+02,7.345830954163471915e+02,9.052878341697119140e+02,7.340367876093660016e+02,-2.978478888030622329e-02,-5.463078069811899695e-01,-1.392966210923767960e+02,9.053176189585922202e+02,7.816047430496549850e+02,9.045249079681020703e+02,7.554496200689684429e+02,-7.927109904901499249e-01,-2.615512298068654218e+01,9.460395603368372122e+02,7.110722715996934085e+02,8.871172656439368893e+02,7.226627977227082056e+02,-5.892229469290032284e+01,1.159052612301479712e+01,8.645956775803472283e+02,7.110722715996934085e+02,9.242213288970967824e+02,7.239979450364214699e+02,5.962565131674955410e+01,1.292567343672806146e+01
1.600000000000000000e+01,9.000000000000000000e+00,-5.922132539700616233e-02,1.094988143844786571e-01,-5.045775979122710808e-01,9.053176189585922202e+02,8.286263906829626649e+02,9.052909453904946986e+02,8.281335023076384232e+02,-2.667356809752163826e-02,-4.928883753242416788e-01,-1.781504572161553597e+02,9.053176189585922202e+02,7.816047430496548714e+02,9.046025723633160851e+02,8.495508560025944007e+02,-7.150465952761351218e-01,6.794611295293952935e+01,9.460395603368372122e+02,8.521372144996165616e+02,8.870807277169608369e+02,8.168228704097368791e+02,-5.895883261987637525e+01,-3.531434408987968254e+01,8.645956775803472283e+02,8.521372144996165616e+02,9.241895360912074011e+02,8.180267805105835350e+02,5.959385851086017283e+01,-3.411043398903302659e+01
1.700000000000000000e+01,0.000000000000000000e+00,-5.874935894643924068e-18,-3.649520167424981960e-18,-1.124649904840235965e-14,9.460395603368372122e+02,1.938341476333077651e+02,9.460640739043126359e+02,1.938318316318116104e+02,2.451356747542376979e-02,-2.316001496154740380e-03,-1.799930208264279941e+02,9.460395603368372122e+02,1.468125000000000000e+02,9.460614522301357283e+02,2.152690621890806426e+02,2.189189329851615184e-02,6.845656218908064261e+01,9.867615017150819767e+02,2.173449714499616618e+02,9.275002138805011782e+02,1.831109639572079857e+02,-5.926128783458079852e+01,-3.423400749275367616e+01,9.053176189585922202e+02,2.173449714499616618e+02,9.646305556023007739e+02,1.831154687491461459e+02,5.931293664370855367e+01,-3.422950270081551594e+01
1.700000000000000000e+01,1.000000000000000000e+00,-4.029759881439602966e-16,-1.332819211324798583e-16,-3.308960527911448533e-13,9.460395603368372122e+02,2.408557952666155302e+02,9.460640739043126359e+02,2.408534792651193754e+02,2.451356747542376979e-02,-2.316001496154740380e-03,4.953589580488351629e+01,9.460395603368372122e+02,2.878774428999233237e+02,9.460614522301357283e+02,2.622907098223884077e+02,2.189189329851615184e-02,-2.558673307753491599e+01,9.867615017150819767e+02,2.173449714499616334e+02,9.275002138805011782e+02,2.301326115905157508e+02,-5.926128783458079852e+01,1.278764014055411735e+01,9.053176189585922202e+02,2.173449714499616334e+02,9.646305556023007739e+02,2.301371163824539394e+02,5.931293664370855367e+01,1.279214493249230600e+01
1.700000000000000000e+01,2.000000000000000000e+00,-2.669637850174618204e-12,4.003024350746709155e-12,-1.058992407400107862e-10,9.460395603368372122e+02,3.348990905332310604e+02,9.460640739043126359e+02,3.348967745317349340e+02,2.451356747542376979e-02,-2.316001496126318671e-03,-1.799930208264279941e+02,9.460395603368372122e+02,2.878774428999233237e+02,9.460614522301357283e+02,3.563340050890039947e+02,2.189189329851615184e-02,6.845656218908067103e+01,9.867615017150819767e+02,3.584099143498849571e+02,9.275002138805011782e+02,3.241759068571312810e+02,-5.926128783458079852e+01,-3.423400749275367616e+01,9.053176189585922202e+02,3.584099143498849571e+02,9.646305556023007739e+02,3.241804116490694696e+02,5.931293664370855367e+01,-3.422950270081548751e+01
1.700000000000000000e+01,3.000000000000000000e+00,-2.250271351561051159e-10,3.996947486714094936e-10,-1.464692649938331258e-09,9.460395603368372122e+02,3.819207381665389107e+02,9.460640739043126359e+02,3.819184221650427276e+02,2.451356747542376979e-02,-2.316001496183162089e-03,4.953589584461762740e+01,9.460395603368372122e+02,4.289423857998466474e+02,9.460614522301357283e+02,4.033556527223117882e+02,2.189189329851615184e-02,-2.558673307753485915e+01,9.867615017150819767e+02,3.584099143498850140e+02,9.275002138805011782e+02,3.711975544904391313e+02,-5.926128783458079852e+01,1.278764014055411735e+01,9.053176189585922202e+02,3.584099143498850140e+02,9.646305556023007739e+02,3.712020592823772631e+02,5.931293664370855367e+01,1.279214493249224915e+01
1.700000000000000000e+01,4.000000000000000000e+00,-4.260629724460144886e-07,7.863198446669391109e-07,-1.396984805498765788e-06,9.460395603368372122e+02,4.759640334331544409e+02,9.460640739043126359e+02,4.759617174316582577e+02,2.451356747542376979e-02,-2.316001496183162089e-03,-1.799930208264279941e+02,9.460395603368372122e+02,4.289423857998466474e+02,9.460614522301357283e+02,4.973989479889272616e+02,2.189189329851615184e-02,6.845656218908061419e+01,9.867615017150819767e+02,4.994748572498082808e+02,9.275002138805011782e+02,4.652408497570546615e+02,-5.926128783458079852e+01,-3.423400749275361932e+01,9.053176189585922202e+02,4.994748572498082808e+02,9.646305556023007739e+02,4.652453545489928501e+02,5.931293664370855367e+01,-3.422950270081543067e+01
1.700000000000000000e+01,5.000000000000000000e+00,-8.721048476337530877e-06,1.611761268093731724e-05,-3.580505016647469367e-05,9.460395603368372122e+02,5.229856810664621207e+02,9.460640739043126359e+02,5.229833650649659376e+02,2.451356747542376979e-02,-2.316001496183162089e-03,4.953589589213262201e+01,9.460395603368372122e+02,5.700073286997699142e+02,9.460614522301357283e+02,5.444205956222349414e+02,2.189189329851615184e-02,-2.558673307753497284e+01,9.867615017150819767e+02,4.994748572498082808e+02,9.275002138805011782e+02,5.122624973903623413e+02,-5.926128783458079852e+01,1.278764014055406051e+01,9.053176189585922202e+02,4.994748572498082808e+02,9.646305556023007739e+02,5.122670021823005300e+02,5.931293664370855367e+01,1.279214493249224915e+01
1.700000000000000000e+01,6.000000000000000000e+00,-7.892879292079401461e-04,1.459322782330569127e-03,-4.695190800416920371e-03,9.460395603368372122e+02,6.170289763330778214e+02,9.460640465693277292e+02,6.170265928364733554e+02,2.448623249051706807e-02,-2.383496604466017743e-03,-1.799878816676720135e+02,9.460395603368372122e+02,5.700073286997700279e+02,9.460595021817925954e+02,6.384638231693652415e+02,1.994184495538320334e-02,6.845649446959521356e+01,9.867615017150819767e+02,6.405398001497317182e+02,9.275011481844016998e+02,6.063040599763446608e+02,-5.926035353068027689e+01,-3.423574017338705744e+01,9.053176189585922202e+02,6.405398001497317182e+02,9.646314893417886651e+02,6.063118953637102777e+02,5.931387038319644489e+01,-3.422790478602144049e+01
1.700000000000000000e+01,7.000000000000000000e+00,-3.487302742826559662e-03,6.447875333366166750e-03,-2.347300480583692714e-02,9.460395603368372122e+02,6.640506239663855013e+02,9.460639499746605452e+02,6.640480623283929162e+02,2.438963782333303243e-02,-2.561637992585019674e-03,4.849606629927091461e+01,9.460395603368372122e+02,7.110722715996932948e+02,9.460567593139132896e+02,6.854852920671108905e+02,1.719897707607742632e-02,-2.558697953258240432e+01,9.867615017150819767e+02,6.405398001497317182e+02,9.275023753505354307e+02,6.533232377784818254e+02,-5.925912636454654603e+01,1.278343762875010725e+01,9.053176189585922202e+02,6.405398001497317182e+02,9.646327152595326879e+02,6.533356571395859191e+02,5.931509630094046770e+01,1.279585698985420095e+01
1.700000000000000000e+01,8.000000000000000000e+00,-1.468026673188422074e-02,2.714348767823547212e-02,-1.113680713981930193e-01,9.460395603368372122e+02,7.580939192330009746e+02,9.460427913696487394e+02,7.579788160840724913e+02,3.231032811527256854e-03,-1.151031489284832787e-01,-1.795820376350247614e+02,9.460395603368372122e+02,7.110722715996932948e+02,9.458866704127783578e+02,7.794150446332770343e+02,-1.528899240588543762e-01,6.834277303358373956e+01,9.867615017150819767e+02,7.816047430496548714e+02,9.275562855348891844e+02,7.471250532099317070e+02,-5.920521618019279231e+01,-3.447968983972316437e+01,9.053176189585922202e+02,7.816047430496548714e+02,9.646854181612789034e+02,7.473963504090087326e+02,5.936779920268668320e+01,-3.420839264064613872e+01
1.700000000000000000e+01,9.000000000000000000e+00,-1.398682232084121763e-02,2.586135167477208660e-02,-1.056806020213561514e-01,9.460395603368372122e+02,8.051155668663088818e+02,9.460428514718607858e+02,8.050005254951710185e+02,3.291135023573588114e-03,-1.150413711378632797e-01,-1.191425403328197916e+02,9.460395603368372122e+02,8.521372144996165616e+02,9.458880839572898367e+02,8.264367643970475683e+02,-1.514763795473754726e-01,-2.570045010256899332e+01,9.867615017150819767e+02,7.816047430496549850e+02,9.275556604168182275e+02,7.941479297991159001e+02,-5.920584129826374920e+01,1.254318674946091505e+01,9.053176189585922202e+02,7.816047430496549850e+02,9.646848100414742930e+02,7.944168822893495872e+02,5.936719108288207281e+01,1.281213923969460211e+01
1.800000000000000000e+01,0.000000000000000000e+00,-1.915934222366664808e-20,-1.132341407488182985e-20,-9.935752696992023361e-17,9.867615017150822041e+02,1.703233238166538968e+02,9.867857503129071119e+02,1.703199666907587471e+02,2.424859782490784710e-02,-3.357125895149692951e-03,4.465030228165161219e+01,9.867615017150822041e+02,2.173449714499616618e+02,9.867839763284530363e+02,1.917571982369779846e+02,2.247461337083223043e-02,-2.558777321298367724e+01,1.027483443093326969e+03,1.468125000000000000e+02,9.682214668644601261e+02,1.595998310650110454e+02,-5.926197622886684258e+01,1.278733106501104544e+01,9.460395603368372122e+02,1.468125000000000000e+02,1.005351807745808173e+03,1.596028707702872111e+02,5.931224740897096126e+01,1.279037077028721114e+01
1.800000000000000000e+01,1.000000000000000000e+00,-1.912983553889269376e-16,1.824428374330178149e-16,-8.605912817700993056e-14,9.867615017150822041e+02,2.643666190832694269e+02,9.867857503129071119e+02,2.643632619573743341e+02,2.424859782490784710e-02,-3.357125895092849532e-03,-1.799952840329886783e+02,9.867615017150822041e+02,2.173449714499616618e+02,9.867839763284530363e+02,2.858004935035935432e+02,2.247461337083223043e-02,6.845552205363188136e+01,1.027483443093326969e+03,2.878774428999233237e+02,9.682214668644601261e+02,2.536431263316266040e+02,-5.926197622886684258e+01,-3.423431656829671965e+01,9.460395603368372122e+02,2.878774428999233237e+02,1.005351807745808173e+03,2.536461660369027697e+02,5.931224740897096126e+01,-3.423127686302055395e+01
1.800000000000000000e+01,2.000000000000000000e+00,-2.746980811789191291e-14,4.520919797420120324e-14,-1.539102243476140672e-12,9.867615017150822041e+02,3.113882667165772204e+02,9.867857503129071119e+02,3.113849095906821276e+02,2.424859782490784710e-02,-3.357125895092849532e-03,4.465030228194408579e+01,9.867615017150822041e+02,3.584099143498850140e+02,9.867839763284530363e+02,3.328221411369013367e+02,2.247461337083223043e-02,-2.558777321298367724e+01,1.027483443093326969e+03,2.878774428999233237e+02,9.682214668644601261e+02,3.006647739649343976e+02,-5.926197622886684258e+01,1.278733106501107386e+01,9.460395603368372122e+02,2.878774428999233237e+02,1.005351807745808173e+03,3.006678136702105348e+02,5.931224740897096126e+01,1.279037077028721114e+01
1.800000000000000000e+01,3.000000000000000000e+00,-2.287319361514560215e-10,4.212017113010343047e-10,-5.581425609430876696e-10,9.867615017150822041e+02,4.054315619831927506e+02,9.867857503129071119e+02,4.054282048572976009e+02,2.424859782490784710e-02,-3.357125895149692951e-03,-1.799952840329886783e+02,9.867615017150822041e+02,3.584099143498850140e+02,9.867839763284530363e+02,4.268654364035168669e+02,2.247461337083223043e-02,6.845552205363185294e+01,1.027483443093326969e+03,4.289423857998466474e+02,9.682214668644601261e+02,3.947080692315499277e+02,-5.926197622886684258e+01,-3.423431656829671965e+01,9.460395603368372122e+02,4.289423857998466474e+02,1.005351807745808173e+03,3.947111089368261219e+02,5.931224740897096126e+01,-3.423127686302052552e+01
1.800000000000000000e+01,4.000000000000000000e+00,-1.006900861797262479e-08,1.860116006718711029e-08,-2.450998256541907609e-08,9.867615017150822041e+02,4.524532096165004873e+02,9.867857503129071119e+02,4.524498524906053376e+02,2.424859782490784710e-02,-3.357125895149692951e-03,4.465030228014420999e+01,9.867615017150822041e+02,4.994748572498082808e+02,9.867839763284530363e+02,4.738870840368246036e+02,2.247461337083223043e-02,-2.558777321298367724e+01,1.027483443093326969e+03,4.289423857998466474e+02,9.682214668644601261e+02,4.417297168648576644e+02,-5.926197622886684258e+01,1.278733106501101702e+01,9.460395603368372122e+02,4.289423857998466474e+02,1.005351807745808173e+03,4.417327565701338585e+02,5.931224740897096126e+01,1.279037077028721114e+01
1.800000000000000000e+01,5.000000000000000000e+00,-4.224782835466728147e-06,7.811123943952323997e-06,-1.627344894969141300e-05,9.867615017150822041e+02,5.464965048831161312e+02,9.867857503129071119e+02,5.464931477572209815e+02,2.424859782490784710e-02,-3.357125895149692951e-03,-1.799952840329887067e+02,9.867615017150822041e+02,4.994748572498082808e+02,9.867839763284530363e+02,5.679303793034400769e+02,2.247461337083223043e-02,6.845552205363179610e+01,1.027483443093326969e+03,5.700073286997699142e+02,9.682214668644601261e+02,5.357730121314732514e+02,-5.926197622886684258e+01,-3.423431656829666281e+01,9.460395603368372122e+02,5.700073286997699142e+02,1.005351807745808173e+03,5.357760518367493887e+02,5.931224740897096126e+01,-3.423127686302052552e+01
1.800000000000000000e+01,6.000000000000000000e+00,-4.019693341326256882e-05,7.432222796735575131e-05,-1.866315167589894500e-04,9.867615017150822041e+02,5.935181525164239247e+02,9.867857503129071119e+02,5.935147953905286613e+02,2.424859782490784710e-02,-3.357125895263379789e-03,4.465030239231679587e+01,9.867615017150822041e+02,6.405398001497317182e+02,9.867839763284530363e+02,6.149520269367478704e+02,2.247461337083223043e-02,-2.558777321298384777e+01,1.027483443093326969e+03,5.700073286997700279e+02,9.682214668644601261e+02,5.827946597647810449e+02,-5.926197622886684258e+01,1.278733106501101702e+01,9.460395603368372122e+02,5.700073286997700279e+02,1.005351807745808173e+03,5.827976994700571822e+02,5.931224740897096126e+01,1.279037077028715430e+01
1.800000000000000000e+01,7.000000000000000000e+00,-7.847171615019308492e-04,1.450924904722790095e-03,-4.665060333404442462e-03,9.867615017150822041e+02,6.875614477830395117e+02,9.867856967640814219e+02,6.875581016915764394e+02,2.419504899921776087e-02,-3.346091463072298211e-03,-1.799931988339089344e+02,9.867615017150822041e+02,6.405398001497317182e+02,9.867831426146806280e+02,7.089953331713552416e+02,2.164089959842385724e-02,6.845553302162352338e+01,1.027483443093326969e+03,7.110722715996932948e+02,9.682218034748098034e+02,6.768372904347235135e+02,-5.926163961851716522e+01,-3.423498116496978128e+01,9.460395603368372122e+02,7.110722715996932948e+02,1.005352144202754062e+03,6.768416814686504495e+02,5.931258386591684939e+01,-3.423059013104284531e+01
1.800000000000000000e+01,8.000000000000000000e+00,-1.610040092105447917e-03,2.976932147148328520e-03,-1.016152827939333439e-02,9.867615017150822041e+02,7.345830954163471915e+02,9.867857252430883364e+02,7.345797649542635099e+02,2.422352800613225554e-02,-3.330462083681595686e-03,4.457964617463794355e+01,9.867615017150822041e+02,7.816047430496549850e+02,9.867831710251577988e+02,7.560169964340378783e+02,2.166931007559469435e-02,-2.558774661561710673e+01,1.027483443093326969e+03,7.110722715996934085e+02,9.682218319880889794e+02,7.238589536380568461e+02,-5.926161110523798925e+01,1.278668203836343764e+01,9.460395603368372122e+02,7.110722715996934085e+02,1.005352172716018003e+03,7.238633447906956917e+02,5.931261237918079132e+01,1.279107319100228324e+01
1.800000000000000000e+01,9.000000000000000000e+00,-1.461528928411528778e-03,2.702339401632914643e-03,-9.150178121668135767e-03,9.867615017150822041e+02,8.286263906829626649e+02,9.867857233611898664e+02,8.286230596026227886e+02,2.422164610766230908e-02,-3.331080339876280050e-03,-1.799931985624818367e+02,9.867615017150822041e+02,7.816047430496548714e+02,9.867831691102403511e+02,8.500602910823945422e+02,2.166739515814697370e-02,6.845554803273967082e+01,1.027483443093326969e+03,8.521372144996165616e+02,9.682218301227035226e+02,8.179022482578197923e+02,-5.926161297062344602e+01,-3.423496624179676928e+01,9.460395603368372122e+02,8.521372144996165616e+02,1.005352170850625726e+03,8.179066394676543723e+02,5.931261051378851334e+01,-3.423057503196218931e+01
1.900000000000000000e+01,0.000000000000000000e+00,-5.040271549316013960e-21,2.044004255106166806e-22,-2.582431221197151289e-17,1.027483443093326969e+03,1.938341476333077651e+02,1.027507720565030468e+03,1.938307614288299305e+02,2.427747170349903172e-02,-3.386204477834553472e-03,-1.799931983466773886e+02,1.027483443093326969e+03,1.468125000000000000e+02,1.027505166233334421e+03,2.152679929085895196e+02,2.172314000745245721e-02,6.845549290858951963e+01,1.068205384471571961e+03,2.173449714499616618e+02,1.008943827366926826e+03,1.831099500141100407e+02,-5.926155710464513504e+01,-3.423502143585162116e+01,9.867615017150822041e+02,2.173449714499616618e+02,1.046074168094830156e+03,1.831143413637902313e+02,5.931266637974795231e+01,-3.423063008617143055e+01
1.900000000000000000e+01,1.000000000000000000e+00,-8.481030857076356010e-19,1.016425739166634804e-18,-7.599417514228878990e-16,1.027483443093326969e+03,2.408557952666155302e+02,1.027507671066929333e+03,2.408524268637855243e+02,2.422797360236472741e-02,-3.368402830005834403e-03,4.457966344326795394e+01,1.027483443093326969e+03,2.878774428999233237e+02,1.027505116686025303e+03,2.622896583435365301e+02,2.167359269833468716e-02,-2.558778455638679361e+01,1.068205384471571961e+03,2.173449714499616334e+02,1.008943777893436845e+03,2.301316154064612647e+02,-5.926160657813511534e+01,1.278664395649963126e+01,9.867615017150822041e+02,2.173449714499616334e+02,1.046074118621325624e+03,2.301360068413587214e+02,5.931261690624342009e+01,1.279103539139708801e+01
1.900000000000000000e+01,2.000000000000000000e+00,-2.658965597159798034e-14,4.857771517410203816e-14,-2.580845966994986939e-13,1.027483443093326969e+03,3.348990905332310604e+02,1.027507678404393801e+03,3.348957274822487307e+02,2.423531106683185499e-02,-3.363050982329696126e-03,-1.799931982387712992e+02,1.027483443093326969e+03,2.878774428999233237e+02,1.027505124032318690e+03,3.563329589619989974e+02,2.168093899172163219e-02,6.845551606207567374e+01,1.068205384471571961e+03,3.584099143498849571e+02,1.008943785226486852e+03,3.241749160325747994e+02,-5.926159924508510812e+01,-3.423499831731015774e+01,9.867615017150822041e+02,3.584099143498849571e+02,1.046074125954376541e+03,3.241793074521724520e+02,5.931262423929433680e+01,-3.423060689771250509e+01
1.900000000000000000e+01,3.000000000000000000e+00,-2.508564860512557968e-12,4.628003934162770031e-12,-5.435518347113468135e-12,1.027483443093326969e+03,3.819207381665389107e+02,1.027507678404393801e+03,3.819173751155565242e+02,2.423531106683185499e-02,-3.363050982386539545e-03,4.457967262371192163e+01,1.027483443093326969e+03,4.289423857998466474e+02,1.027505124032318690e+03,4.033546065953067910e+02,2.168093899172163219e-02,-2.558777920453985644e+01,1.068205384471571961e+03,3.584099143498850140e+02,1.008943785226486852e+03,3.711965636658826497e+02,-5.926159924508510812e+01,1.278664931599763577e+01,9.867615017150822041e+02,3.584099143498850140e+02,1.046074125954376541e+03,3.712009550854802455e+02,5.931262423929433680e+01,1.279104073559523158e+01
1.900000000000000000e+01,4.000000000000000000e+00,-4.876483775748429773e-09,9.015608993880075023e-09,-1.078755683290336017e-08,1.027483443093326969e+03,4.759640334331544409e+02,1.027507678404393801e+03,4.759606703821720544e+02,2.423531106683185499e-02,-3.363050982386539545e-03,-1.799931982387713276e+02,1.027483443093326969e+03,4.289423857998466474e+02,1.027505124032318690e+03,4.973979018619223211e+02,2.168093899172163219e-02,6.845551606207567374e+01,1.068205384471571961e+03,4.994748572498082808e+02,1.008943785226486852e+03,4.652398589324981799e+02,-5.926159924508510812e+01,-3.423499831731010090e+01,9.867615017150822041e+02,4.994748572498082808e+02,1.046074125954376541e+03,4.652442503520957757e+02,5.931262423929433680e+01,-3.423060689771250509e+01
1.900000000000000000e+01,5.000000000000000000e+00,-9.991290412966177720e-08,1.847324236098934363e-07,-2.819133545105837892e-07,1.027483443093326969e+03,5.229856810664621207e+02,1.027507678404393801e+03,5.229823180154797910e+02,2.423531106683185499e-02,-3.363050982329696126e-03,4.457967246892592073e+01,1.027483443093326969e+03,5.700073286997699142e+02,1.027505124032318690e+03,5.444195494952300578e+02,2.168093899172163219e-02,-2.558777920453985644e+01,1.068205384471571961e+03,4.994748572498082808e+02,1.008943785226486852e+03,5.122615065658058029e+02,-5.926159924508510812e+01,1.278664931599752208e+01,9.867615017150822041e+02,4.994748572498082808e+02,1.046074125954376541e+03,5.122658979854035124e+02,5.931262423929433680e+01,1.279104073559523158e+01
1.900000000000000000e+01,6.000000000000000000e+00,-9.045147893402701486e-06,1.672427487595028005e-05,-3.708762461794683489e-05,1.027483443093326969e+03,6.170289763330778214e+02,1.027507678404393801e+03,6.170256132820953781e+02,2.423531106683185499e-02,-3.363050982443382964e-03,-1.799931982387712424e+02,1.027483443093326969e+03,5.700073286997700279e+02,1.027505124032318690e+03,6.384628447618456448e+02,2.168093899172163219e-02,6.845551606207561690e+01,1.068205384471571961e+03,6.405398001497317182e+02,1.008943785226486852e+03,6.063048018324215036e+02,-5.926159924508510812e+01,-3.423499831731021459e+01,9.867615017150822041e+02,6.405398001497317182e+02,1.046074125954376541e+03,6.063091932520192131e+02,5.931262423929433680e+01,-3.423060689771250509e+01
1.900000000000000000e+01,7.000000000000000000e+00,-3.996478994000492055e-05,7.389410042795019763e-05,-1.854329858325024871e-04,1.027483443093326969e+03,6.640506239663855013e+02,1.027507678404393801e+03,6.640472609154030579e+02,2.423531106683185499e-02,-3.363050982443382964e-03,4.457967253264218499e+01,1.027483443093326969e+03,7.110722715996932948e+02,1.027505124032318690e+03,6.854844923951534383e+02,2.168093899172163219e-02,-2.558777920453985644e+01,1.068205384471571961e+03,6.405398001497317182e+02,1.008943785226486852e+03,6.533264494657291834e+02,-5.926159924508510812e+01,1.278664931599746524e+01,9.867615017150822041e+02,6.405398001497317182e+02,1.046074125954376541e+03,6.533308408853267792e+02,5.931262423929433680e+01,1.279104073559506105e+01
1.900000000000000000e+01,8.000000000000000000e+00,-1.682383885916351315e-04,3.110696142738998389e-04,-8.798180303112534918e-04,1.027483443093326969e+03,7.580939192330009746e+02,1.027507678404393801e+03,7.580905561820186449e+02,2.423531106683185499e-02,-3.363050982329696126e-03,-1.799931982387712424e+02,1.027483443093326969e+03,7.110722715996932948e+02,1.027505124032318690e+03,7.795277876617689117e+02,2.168093899172163219e-02,6.845551606207561690e+01,1.068205384471571961e+03,7.816047430496548714e+02,1.008943785226486852e+03,7.473697447323446568e+02,-5.926159924508510812e+01,-3.423499831731021459e+01,9.867615017150822041e+02,7.816047430496548714e+02,1.046074125954376541e+03,7.473741361519423663e+02,5.931262423929433680e+01,-3.423060689771250509e+01
1.900000000000000000e+01,9.000000000000000000e+00,-1.602915133773152553e-04,2.963760087316992791e-04,-8.348886392922441353e-04,1.027483443093326969e+03,8.051155668663088818e+02,1.027507678404393801e+03,8.051122038153265521e+02,2.423531106683185499e-02,-3.363050982329696126e-03,4.457967249289207246e+01,1.027483443093326969e+03,8.521372144996165616e+02,1.027505124032318690e+03,8.265494352950768189e+02,2.168093899172163219e-02,-2.558777920453974275e+01,1.068205384471571961e+03,7.816047430496549850e+02,1.008943785226486852e+03,7.943913923656525640e+02,-5.926159924508510812e+01,1.278664931599757892e+01,9.867615017150822041e+02,7.816047430496549850e+02,1.046074125954376541e+03,7.943957837852502735e+02,5.931262423929433680e+01,1.279104073559528842e+01
